YEAR,MONTH,QUARTER,AIRLINE_NAME,ORIGIN,DEST,PASSENGERS_ON_WAY,PASSENGERS_RETURN,AIR_TIME,DISTANCE
2015,JAN,Q1,AIR INDIA,Aberdeen,Minneapolis,12764,15358,51,257
2015,JAN,Q1,AIR INDIA EXPRESS,Aberdeen,Minneapolis,27341,35988,44,257
2015,JAN,Q1,INDIGO,Aberdeen,Minneapolis,31756,32593,45,257
2015,JAN,Q1,JET AIRWAYS,Aberdeen,Minneapolis,66416,65956,43,257
2015,JAN,Q1,SPICEJET,Aberdeen,Minneapolis,8408,12593,43,257
2015,JAN,Q1,AEROFLOT,Aberdeen,Minneapolis,37265,44645,45,257
2015,JAN,Q1,AEROLOGIC,Aberdeen,Minneapolis,9437,10859,52,257
2015,JAN,Q1,AIR ARABIA,Aberdeen,Minneapolis,34055,41972,43,257
2015,JAN,Q1,AIR ASIA BERHAD,Aberdeen,Minneapolis,1580,1799,45,257
2015,JAN,Q1,AIR AUSTRAL,Aberdeen,Minneapolis,31618,41032,46,257
2015,JAN,Q1,AIR CHINA,Aberdeen,Minneapolis,12961,13549,46,257
2015,JAN,Q1,AIR FRANCE,Aberdeen,Minneapolis,2813,3654,48,257
2015,JAN,Q1,AIR MANAS,Aberdeen,Minneapolis,65961,80696,43,257
2015,JAN,Q1,AIR MAURITIUS,Aberdeen,Minneapolis,161,415,46,257
2015,JAN,Q1,AIR ASTANA,Aberdeen,Minneapolis,21249,26012,44,257
2015,JAN,Q1,AIR SEYCHELLES,Aberdeen,Minneapolis,10849,12192,45,257
2015,JAN,Q1,ALL NIPPON AIRWAYS,Abilene,Dallas,16326,20996,49,158
2015,JAN,Q1,ARIANA AFGHAN,Abilene,Dallas,3299,2199,48,158
2015,JAN,Q1,ASIANA AIRLINES,Abilene,Dallas,1574,1945,47,158
2015,JAN,Q1,AUSTRIAN AIRLINES,Abilene,Dallas,6582,8318,49,158
2015,JAN,Q1,BANGKOK AIRWAYS,Abilene,Dallas,42570,47771,45,158
2015,JAN,Q1,BHUTAN AIRLINES,Abilene,Dallas,22640,23140,51,158
2015,JAN,Q1,BIMAN BANGLADESH,Abilene,Dallas,11182,10023,48,158
2015,JAN,Q1,BRITISH AIRWAYS,Abilene,Dallas,2540,2374,43,158
2015,JAN,Q1,BUDHHA AIR,Abilene,Dallas,15610,17569,44,158
2015,JAN,Q1,CATHAY PACIFIC,Abilene,Dallas,31214,32057,45,158
2015,JAN,Q1,CHINA AIRLINES LTD,Abilene,Dallas,7687,9198,48,158
2015,JAN,Q1,CHINA EASTERN AIRLINES,Abilene,Dallas,13940,15684,46,158
2015,JAN,Q1,CHINA SOUTHERN ,Abilene,Dallas,4044,6161,44,158
2015,JAN,Q1,DELTA AIRLINES,Abilene,Dallas,1863,3030,54,158
2015,JAN,Q1,DRAGON AIR,Abilene,Dallas,27815,36746,48,158
2015,JAN,Q1,DRUK AIR,Abilene,Dallas,11914,13082,44,158
2015,JAN,Q1,EGYPT AIR,Abilene,Dallas,2249,0,45,158
2015,JAN,Q1,EL-AL-ISRAEL,Abilene,Dallas,21342,22777,43,158
2015,JAN,Q1,EMIRATES AIRLINE,Adak Island,Anchorage,17876,19926,45,1192
2015,JAN,Q1,ETHIOPIAN AIRLINES,Adak Island,Anchorage,83219,87007,45,1192
2015,JAN,Q1,ETIHAD AIRLINES,Adak Island,Anchorage,6254,4119,44,1192
2015,JAN,Q1,EVA AIRWAYS,Adak Island,Anchorage,11836,14140,51,1192
2015,JAN,Q1,FEDERAL EXPRESS,Adak Island,Anchorage,65213,64024,44,1192
2015,JAN,Q1,FINN AIR,Adak Island,Anchorage,90096,94099,43,1192
2015,JAN,Q1,FLY DUBAI,Adak Island,Anchorage,1283,3654,47,1192
2015,JAN,Q1,GULF AIR,Adak Island,Anchorage,6260,4876,47,1192
2015,JAN,Q1,IRAN AIR,Adak Island,Anchorage,11962,12024,52,1192
2015,JAN,Q1,IRAQI AIRWAYS,Aguadilla,Fort Lauderdale,609,818,44,982
2015,JAN,Q1,ISLAND AVIATION SERVICES,Aguadilla,Fort Lauderdale,9010,11692,49,982
2015,JAN,Q1,JAPAN AIRLINES,Aguadilla,Fort Lauderdale,12256,13480,44,982
2015,JAN,Q1,KALITTA AIR,Aguadilla,Fort Lauderdale,2427,3529,47,982
2015,JAN,Q1,KAM AIR,Aguadilla,Fort Lauderdale,16671,20207,41,982
2015,JAN,Q1,KENYA AIRWAYS,Aguadilla,Fort Lauderdale,4150,5116,43,982
2015,JAN,Q1,KLM AIRLINES,Aguadilla,Fort Lauderdale,5861,6001,45,982
2015,JAN,Q1,KOREAN AIR,Aguadilla,Fort Lauderdale,16087,16997,45,982
2015,JAN,Q1,KUWAIT AIRWAYS,Aguadilla,Fort Lauderdale,77904,81321,46,982
2015,JAN,Q1,LUFTHANSA,Aguadilla,Fort Lauderdale,11067,11515,50,982
2015,JAN,Q1,MAHAN AIR,Aguadilla,Fort Lauderdale,1333,950,39,982
2015,JAN,Q1,MALAYSIA AIRLINES,Aguadilla,Fort Lauderdale,17116,20771,47,982
2015,JAN,Q1,MALINDO AIRWAYS,Aguadilla,Fort Lauderdale,14295,14441,45,982
2015,JAN,Q1,MARTIN AIR HOLLAND,Aguadilla,Fort Lauderdale,35501,37469,43,982
2015,JAN,Q1,MIHIN LANKA,Aguadilla,Fort Lauderdale,21806,23883,43,982
2015,JAN,Q1,MYANMAR AIRLINES,Aguadilla,Fort Lauderdale,11945,10793,55,982
2015,JAN,Q1,NEPAL AIRLINES CORPORATION,Aguadilla,Fort Lauderdale,1418,1362,40,982
2015,JAN,Q1,OMAN AIR,Aguadilla,Fort Lauderdale,386,466,34,982
2015,JAN,Q1,PAK INTERNATIONAL,Aguadilla,Fort Lauderdale,777,674,33,982
2015,JAN,Q1,QATAR AIRWATYS,Aguadilla,Fort Lauderdale,27388,31116,33,982
2015,JAN,Q1,REGENT AIRWAYS,Aguadilla,Fort Lauderdale,4458,3818,32,982
2015,JAN,Q1,SAFI AIRWAYS,Aguadilla,New York,9664,10774,31,1576
2015,JAN,Q1,SAUDIA,Aguadilla,New York,12294,14095,36,1576
2015,JAN,Q1,SILK AIR,Aguadilla,New York,3885,4232,32,1576
2015,JAN,Q1,SINGAPORE AIRLINES,Aguadilla,New York,17995,20836,32,1576
2015,JAN,Q1,SOUTHA AFRICAN AIRLINES,Aguadilla,New York,13432,14047,32,1576
2015,JAN,Q1,SRILNKAN AIRWAYS,Aguadilla,New York,4046,3127,37,1576
2015,JAN,Q1,SWISS AIR,Aguadilla,New York,13880,12488,39,1576
2015,JAN,Q1,TAJIK AIR,Aguadilla,New York,38733,41668,30,1576
2015,JAN,Q1,THAI AIRWAYS,Aguadilla,New York,13837,12389,31,1576
2015,JAN,Q1,TIGER AIRWAYS,Aguadilla,New York,12235,15357,31,1576
2015,JAN,Q1,TRANSAERO AIRLINES,Aguadilla,New York,14951,13431,35,1576
2015,JAN,Q1,TURKISH AIRLINES,Aguadilla,New York,17821,20341,38,1576
2015,JAN,Q1,TURKMENISTAN AIRLINES,Aguadilla,New York,20714,24022,31,1576
2015,JAN,Q1,UNITED AIRLINES,Aguadilla,New York,54826,56266,44,1576
2015,JAN,Q1,UNITED AIRLINES BANGLADESH LTD.,Aguadilla,New York,12141,15021,34,1576
2015,JAN,Q1,UNITED PARCEL SERVICES,Aguadilla,New York,13651,14545,32,1576
2015,JAN,Q1,UZBEKISTAN AIRWAYS,Aguadilla,New York,41743,51350,35,1576
2015,JAN,Q1,VIRGIN ATLANTIC AIRLINES,Aguadilla,New York,10262,11707,43,1576
2015,JAN,Q1,YEMENIA AIRWAYS,Aguadilla,New York,23346,25108,37,1576
2015,JAN,Q1,AIR INDIA,Aguadilla,New York,2301,3867,32,1576
2015,JAN,Q1,AIR INDIA EXPRESS,Aguadilla,New York,49362,61336,38,1576
2015,JAN,Q1,INDIGO,Aguadilla,New York,13754,16257,32,1576
2015,JAN,Q1,JET AIRWAYS,Aguadilla,New York,48417,53741,32,1576
2015,JAN,Q1,SPICEJET,Aguadilla,New York,13866,16281,33,1576
2015,JAN,Q1,AEROFLOT,Aguadilla,New York,78210,84425,32,1576
2015,JAN,Q1,AEROLOGIC,Aguadilla,Newark,102190,118103,34,1585
2015,JAN,Q1,AIR ARABIA,Aguadilla,Newark,218394,218530,43,1585
2015,JAN,Q1,AIR ASIA BERHAD,Aguadilla,Newark,6236,7022,35,1585
2015,JAN,Q1,AIR AUSTRAL,Aguadilla,Newark,99989,112952,37,1585
2015,JAN,Q1,AIR CHINA,Aguadilla,Newark,7208,8776,33,1585
2015,JAN,Q1,AIR FRANCE,Aguadilla,Newark,99921,114833,32,1585
2015,JAN,Q1,AIR MANAS,Aguadilla,Newark,37283,41034,34,1585
2015,JAN,Q1,AIR MAURITIUS,Aguadilla,Newark,78707,86289,34,1585
2015,JAN,Q1,AIR ASTANA,Aguadilla,Newark,20470,22064,33,1585
2015,JAN,Q1,AIR SEYCHELLES,Aguadilla,Newark,11693,12702,36,1585
2015,JAN,Q1,ALL NIPPON AIRWAYS,Aguadilla,Newark,35738,43350,34,1585
2015,JAN,Q1,ARIANA AFGHAN,Aguadilla,Newark,260038,300106,36,1585
2015,JAN,Q1,ASIANA AIRLINES,Aguadilla,Newark,4698,6112,36,1585
2015,JAN,Q1,AUSTRIAN AIRLINES,Aguadilla,Newark,13711,15124,31,1585
2015,JAN,Q1,BANGKOK AIRWAYS,Aguadilla,Newark,59586,71417,34,1585
2015,JAN,Q1,BHUTAN AIRLINES,Aguadilla,Newark,5003,4629,33,1585
2015,JAN,Q1,BIMAN BANGLADESH,Aguadilla,Newark,554,492,34,1585
2015,JAN,Q1,BRITISH AIRWAYS,Aguadilla,Newark,22765,22666,59,1585
2015,JAN,Q1,BUDHHA AIR,Aguadilla,Newark,22196,23348,32,1585
2015,JAN,Q1,CATHAY PACIFIC,Aguadilla,Newark,57758,58858,40,1585
2015,JAN,Q1,CHINA AIRLINES LTD,Aguadilla,Newark,24734,27909,35,1585
2015,JAN,Q1,CHINA EASTERN AIRLINES,Aguadilla,Newark,3546,3447,32,1585
2015,JAN,Q1,CHINA SOUTHERN ,Aguadilla,Newark,12982,16108,35,1585
2015,JAN,Q1,DELTA AIRLINES,Aguadilla,Newark,747,1309,43,1585
2015,JAN,Q1,DRAGON AIR,Aguadilla,Newark,13673,15886,40,1585
2015,JAN,Q1,DRUK AIR,Aguadilla,Orlando,977,943,31,1129
2015,JAN,Q1,EGYPT AIR,Aguadilla,Orlando,18558,20974,33,1129
2015,JAN,Q1,EL-AL-ISRAEL,Aguadilla,Orlando,15311,16903,34,1129
2015,JAN,Q1,EMIRATES AIRLINE,Aguadilla,Orlando,62647,66144,36,1129
2015,JAN,Q1,ETHIOPIAN AIRLINES,Aguadilla,Orlando,7433,9261,40,1129
2015,JAN,Q1,ETIHAD AIRLINES,Aguadilla,Orlando,46451,49294,33,1129
2015,JAN,Q1,EVA AIRWAYS,Aguadilla,Orlando,23639,23738,34,1129
2015,JAN,Q1,FEDERAL EXPRESS,Aguadilla,Orlando,25242,28909,36,1129
2015,JAN,Q1,FINN AIR,Aguadilla,Orlando,6224,6224,39,1129
2015,JAN,Q1,FLY DUBAI,Aguadilla,Orlando,7694,9384,35,1129
2015,JAN,Q1,GULF AIR,Aguadilla,Orlando,22630,24021,30,1129
2015,JAN,Q1,IRAN AIR,Aguadilla,Orlando,18531,20901,34,1129
2015,JAN,Q1,IRAQI AIRWAYS,Aguadilla,Orlando,8562,9445,34,1129
2015,JAN,Q1,ISLAND AVIATION SERVICES,Aguadilla,Orlando,37291,40961,44,1129
2015,JAN,Q1,JAPAN AIRLINES,Aguadilla,Orlando,10024,13486,30,1129
2015,JAN,Q1,KALITTA AIR,Aguadilla,Orlando,53255,53886,36,1129
2015,JAN,Q1,KAM AIR,Aguadilla,Orlando,8483,11916,42,1129
2015,JAN,Q1,KENYA AIRWAYS,Aguadilla,Orlando,37194,32721,34,1129
2015,JAN,Q1,KLM AIRLINES,Aguadilla,Orlando,935,1814,39,1129
2015,JAN,Q1,KOREAN AIR,Aguadilla,Orlando,2228,3581,35,1129
2015,JAN,Q1,KUWAIT AIRWAYS,Aguadilla,Orlando,91764,86994,33,1129
2015,JAN,Q1,LUFTHANSA,Aguadilla,Orlando,4671,5084,38,1129
2015,JAN,Q1,MAHAN AIR,Aguadilla,Orlando,22835,25412,34,1129
2015,JAN,Q1,MALAYSIA AIRLINES,Aguadilla,Orlando,2299,4770,40,1129
2015,JAN,Q1,MALINDO AIRWAYS,Aguadilla,Orlando,16290,18061,31,1129
2015,JAN,Q1,MARTIN AIR HOLLAND,Aguadilla,Orlando,25227,31418,36,1129
2015,JAN,Q1,MIHIN LANKA,Aguadilla,Orlando,48035,51148,30,1129
2015,JAN,Q1,MYANMAR AIRLINES,Aguadilla,Orlando,10041,11750,35,1129
2015,JAN,Q1,NEPAL AIRLINES CORPORATION,Akron,Atlanta ,37672,40961,33,528
2015,JAN,Q1,OMAN AIR,Akron,Atlanta ,13183,13288,31,528
2015,JAN,Q1,PAK INTERNATIONAL,Akron,Atlanta ,30705,34222,34,528
2015,JAN,Q1,QATAR AIRWATYS,Akron,Atlanta ,49840,52696,34,528
2015,JAN,Q1,REGENT AIRWAYS,Akron,Atlanta ,1825,1484,46,528
2015,JAN,Q1,SAFI AIRWAYS,Akron,Atlanta ,6531,7750,37,528
2015,JAN,Q1,SAUDIA,Akron,Atlanta ,2658,3055,33,528
2015,JAN,Q1,SILK AIR,Akron,Atlanta ,13350,14323,35,528
2015,JAN,Q1,SINGAPORE AIRLINES,Akron,Atlanta ,10143,9022,34,528
2015,JAN,Q1,SOUTHA AFRICAN AIRLINES,Akron,Atlanta ,2455,3552,31,528
2015,JAN,Q1,SRILNKAN AIRWAYS,Akron,Atlanta ,1332,1158,33,528
2015,JAN,Q1,SWISS AIR,Akron,Atlanta ,10991,11953,35,528
2015,JAN,Q1,TAJIK AIR,Akron,Atlanta ,4889,5608,34,528
2015,JAN,Q1,THAI AIRWAYS,Akron,Atlanta ,2931,2810,33,528
2015,JAN,Q1,TIGER AIRWAYS,Akron,Atlanta ,37922,50308,32,528
2015,JAN,Q1,TRANSAERO AIRLINES,Akron,Atlanta ,6507,7614,36,528
2015,JAN,Q1,TURKISH AIRLINES,Akron,Atlanta ,466,1484,37,528
2015,JAN,Q1,TURKMENISTAN AIRLINES,Akron,Atlanta ,4890,7480,30,528
2015,JAN,Q1,UNITED AIRLINES,Akron,Atlanta ,0,5890,36,528
2015,JAN,Q1,UNITED AIRLINES BANGLADESH LTD.,Akron,Atlanta ,12586,15251,33,528
2015,JAN,Q1,UNITED PARCEL SERVICES,Akron,Atlanta ,7977,11632,38,528
2015,JAN,Q1,UZBEKISTAN AIRWAYS,Akron,Atlanta ,122349,122506,37,528
2015,JAN,Q1,VIRGIN ATLANTIC AIRLINES,Akron,Atlanta ,9436,12362,31,528
2015,JAN,Q1,YEMENIA AIRWAYS,Akron,Atlanta ,83375,94554,41,528
2015,JAN,Q1,AIR INDIA,Akron,Atlanta ,7293,7767,33,528
2015,JAN,Q1,AIR INDIA EXPRESS,Akron,Atlanta ,1475,2029,33,528
2015,JAN,Q1,INDIGO,Akron,Charlotte ,3547,4262,33,394
2015,JAN,Q1,JET AIRWAYS,Akron,Charlotte ,14129,17453,37,394
2015,JAN,Q1,SPICEJET,Akron,Charlotte ,7806,9260,32,394
2015,JAN,Q1,AEROFLOT,Akron,Charlotte ,1574,1313,35,394
2015,JAN,Q1,AEROLOGIC,Akron,Charlotte ,1464,2000,31,394
2015,JAN,Q1,AIR ARABIA,Akron,Charlotte ,6429,6722,33,394
2015,JAN,Q1,AIR ASIA BERHAD,Akron,Charlotte ,9846,10564,32,394
2015,JAN,Q1,AIR AUSTRAL,Akron,Charlotte ,2317,2051,33,394
2015,JAN,Q1,AIR CHINA,Akron,Charlotte ,3809,1730,31,394
2015,JAN,Q1,AIR FRANCE,Akron,Charlotte ,8384,9132,36,394
2015,JAN,Q1,AIR MANAS,Akron,Charlotte ,21827,27646,38,394
2015,JAN,Q1,AIR MAURITIUS,Akron,Charlotte ,12766,15118,35,394
2015,JAN,Q1,AIR ASTANA,Akron,Charlotte ,15851,16968,37,394
2015,JAN,Q1,AIR SEYCHELLES,Akron,Charlotte ,13922,16445,37,394
2015,JAN,Q1,ALL NIPPON AIRWAYS,Akron,Charlotte ,4707,5771,34,394
2015,JAN,Q1,ARIANA AFGHAN,Akron,Charlotte ,8209,9954,36,394
2015,JAN,Q1,ASIANA AIRLINES,Akron,Charlotte ,30121,33801,33,394
2015,JAN,Q1,AUSTRIAN AIRLINES,Akron,Charlotte ,35904,36045,33,394
2015,JAN,Q1,BANGKOK AIRWAYS,Akron,Charlotte ,83,268,37,394
2015,JAN,Q1,BHUTAN AIRLINES,Akron,Charlotte ,25550,28428,32,394
2015,JAN,Q1,BIMAN BANGLADESH,Akron,Charlotte ,11354,11904,30,394
2015,JAN,Q1,BRITISH AIRWAYS,Akron,Charlotte ,31070,32046,33,394
2015,JAN,Q1,BUDHHA AIR,Akron,Charlotte ,22325,25964,33,394
2015,JAN,Q1,CATHAY PACIFIC,Akron,Charlotte ,8471,12525,31,394
2015,JAN,Q1,CHINA AIRLINES LTD,Akron,Charlotte ,3989,4508,29,394
2015,JAN,Q1,CHINA EASTERN AIRLINES,Akron,Charlotte ,54046,69319,30,394
2015,JAN,Q1,CHINA SOUTHERN ,Akron,Charlotte ,29767,31960,34,394
2015,JAN,Q1,DELTA AIRLINES,Akron,Charlotte ,23830,30259,32,394
2015,JAN,Q1,DRAGON AIR,Akron,Charlotte ,19836,23771,31,
2015,JAN,Q1,DRUK AIR,Akron,Chicago,2125,2594,32,343
2015,JAN,Q1,EGYPT AIR,Akron,Chicago,19152,21087,35,343
2015,JAN,Q1,EL-AL-ISRAEL,Akron,Chicago,1237,3185,30,343
2015,JAN,Q1,EMIRATES AIRLINE,Akron,Chicago,8586,11323,32,343
2015,JAN,Q1,ETHIOPIAN AIRLINES,Akron,Chicago,20771,21661,33,343
2015,JAN,Q1,ETIHAD AIRLINES,Akron,Chicago,39718,47977,36,343
2015,JAN,Q1,EVA AIRWAYS,Akron,Chicago,2128,2372,33,343
2015,JAN,Q1,FEDERAL EXPRESS,Akron,Chicago,283,179,32,343
2015,JAN,Q1,FINN AIR,Akron,Chicago,14598,16914,32,343
2015,JAN,Q1,FLY DUBAI,Akron,Chicago,1982,1574,32,343
2015,JAN,Q1,GULF AIR,Akron,Chicago,37459,42004,32,343
2015,JAN,Q1,IRAN AIR,Akron,Chicago,34593,36814,34,343
2015,JAN,Q1,IRAQI AIRWAYS,Akron,Chicago,4275,4534,31,343
2015,JAN,Q1,ISLAND AVIATION SERVICES,Akron,Chicago,1976,1890,37,343
2015,JAN,Q1,JAPAN AIRLINES,Akron,Chicago,23641,26547,35,343
2015,JAN,Q1,KALITTA AIR,Akron,Chicago,577,468,39,343
2015,JAN,Q1,KAM AIR,Akron,Chicago,7245,6079,32,343
2015,JAN,Q1,KENYA AIRWAYS,Akron,Chicago,1718,2645,38,343
2015,JAN,Q1,KLM AIRLINES,Akron,Chicago,1424,1340,34,343
2015,JAN,Q1,KOREAN AIR,Akron,Chicago,7352,7901,40,343
2015,JAN,Q1,KUWAIT AIRWAYS,Akron,Chicago,22038,25210,37,343
2015,JAN,Q1,LUFTHANSA,Akron,Chicago,8933,10848,35,343
2015,JAN,Q1,MAHAN AIR,Akron,Chicago,7982,9634,36,343
2015,JAN,Q1,MALAYSIA AIRLINES,Akron,Chicago,16602,23607,31,343
2015,JAN,Q1,MALINDO AIRWAYS,Akron,Chicago,6972,10413,33,343
2015,JAN,Q1,MARTIN AIR HOLLAND,Akron,Chicago,44601,55467,34,343
2015,JAN,Q1,MIHIN LANKA,Akron,Chicago,4591,7557,36,343
2015,JAN,Q1,MYANMAR AIRLINES,Akron,Chicago,6921,12586,32,343
2015,FEB,Q1,NEPAL AIRLINES CORPORATION,Akron,Chicago,997,1150,30,343
2015,FEB,Q1,OMAN AIR,Akron,Chicago,1839,2351,32,343
2015,FEB,Q1,PAK INTERNATIONAL,Akron,Chicago,579,963,32,343
2015,FEB,Q1,QATAR AIRWATYS,Akron,Chicago,3542,4903,139,343
2015,FEB,Q1,REGENT AIRWAYS,Akron,Chicago,12964,14159,148,343
2015,FEB,Q1,SAFI AIRWAYS,Akron,Chicago,7125,9573,152,343
2015,FEB,Q1,SAUDIA,Akron,Chicago,3374,3690,147,343
2015,FEB,Q1,SILK AIR,Akron,Chicago,7583,7837,145,343
2015,FEB,Q1,SINGAPORE AIRLINES,Akron,Chicago,2335,2316,150,343
2015,FEB,Q1,SOUTHA AFRICAN AIRLINES,Akron,Chicago,13299,14524,154,343
2015,FEB,Q1,SRILNKAN AIRWAYS,Akron,Chicago,11992,13817,145,343
2015,FEB,Q1,SWISS AIR,Akron,Chicago,13516,17417,148,343
2015,FEB,Q1,TAJIK AIR,Akron,Chicago,9627,10190,139,343
2015,FEB,Q1,THAI AIRWAYS,Akron,Chicago,28245,28810,140,343
2015,FEB,Q1,TIGER AIRWAYS,Akron,Chicago,8788,9944,132,343
2015,FEB,Q1,TRANSAERO AIRLINES,Akron,Chicago,14193,14463,125,343
2015,FEB,Q1,TURKISH AIRLINES,Akron,Chicago,14356,14422,125,343
2015,FEB,Q1,TURKMENISTAN AIRLINES,Akron,Chicago,57188,65196,130,343
2015,FEB,Q1,UNITED AIRLINES,Akron,Chicago,41067,42697,134,343
2015,FEB,Q1,UNITED AIRLINES BANGLADESH LTD.,Akron,Chicago,22348,28913,130,343
2015,FEB,Q1,UNITED PARCEL SERVICES,Akron,Chicago,6055,7077,129,343
2015,FEB,Q1,UZBEKISTAN AIRWAYS,Akron,Chicago,5991,6978,130,343
2015,FEB,Q1,VIRGIN ATLANTIC AIRLINES,Akron,Chicago,42675,44160,133,343
2015,FEB,Q1,YEMENIA AIRWAYS,Akron,Chicago,7706,9926,128,343
2015,FEB,Q1,AIR INDIA,Akron,Chicago,33831,35561,135,343
2015,FEB,Q1,AIR INDIA EXPRESS,Akron,Chicago,88291,100794,134,343
2015,FEB,Q1,INDIGO,Akron,Chicago,4322,5599,134,343
2015,FEB,Q1,JET AIRWAYS,Akron,Chicago,86479,97730,136,343
2015,FEB,Q1,SPICEJET,Akron,Chicago,18410,22530,132,343
2015,FEB,Q1,AEROFLOT,Akron,Fort Myers,14492,18893,136,991
2015,FEB,Q1,AEROLOGIC,Akron,Fort Myers,12926,15222,140,991
2015,FEB,Q1,AIR ARABIA,Akron,Fort Myers,79324,94249,135,991
2015,FEB,Q1,AIR ASIA BERHAD,Akron,Fort Myers,37809,39224,132,991
2015,FEB,Q1,AIR AUSTRAL,Akron,Fort Myers,4053,5640,137,991
2015,FEB,Q1,AIR CHINA,Akron,Fort Myers,2743,3649,131,991
2015,FEB,Q1,AIR FRANCE,Akron,Fort Myers,8292,9943,133,991
2015,FEB,Q1,AIR MANAS,Akron,Fort Myers,2595,6650,125,991
2015,FEB,Q1,AIR MAURITIUS,Akron,Fort Myers,2667,3313,121,991
2015,FEB,Q1,AIR ASTANA,Akron,Fort Myers,7553,9407,130,991
2015,FEB,Q1,AIR SEYCHELLES,Akron,Fort Myers,5027,4215,124,991
2015,FEB,Q1,ALL NIPPON AIRWAYS,Akron,Fort Myers,4494,4108,134,991
2015,FEB,Q1,ARIANA AFGHAN,Akron,Fort Myers,8664,9773,132,991
2015,FEB,Q1,ASIANA AIRLINES,Akron,Fort Myers,13445,13529,135,991
2015,FEB,Q1,AUSTRIAN AIRLINES,Akron,Houston,13272,12611,140,1085
2015,FEB,Q1,BANGKOK AIRWAYS,Akron,Houston,13318,15529,134,1085
2015,FEB,Q1,BHUTAN AIRLINES,Akron,Houston,18380,19588,138,1085
2015,FEB,Q1,BIMAN BANGLADESH,Akron,Houston,14119,19185,137,1085
2015,FEB,Q1,BRITISH AIRWAYS,Akron,Houston,20070,23328,132,1085
2015,FEB,Q1,BUDHHA AIR,Akron,Houston,30924,27664,135,1085
2015,FEB,Q1,CATHAY PACIFIC,Akron,Houston,29859,28746,125,1085
2015,FEB,Q1,CHINA AIRLINES LTD,Akron,Houston,60782,67951,121,1085
2015,FEB,Q1,CHINA EASTERN AIRLINES,Akron,Houston,802,1606,128,1085
2015,FEB,Q1,CHINA SOUTHERN ,Akron,Houston,37603,34543,123,1085
2015,FEB,Q1,DRAGON AIR,Akron,Houston,8775,9399,124,1085
2015,FEB,Q1,DRUK AIR,Akron,Houston,60921,56916,129,1085
2015,FEB,Q1,EGYPT AIR,Akron,Houston,38536,38163,129,1085
2015,FEB,Q1,EL-AL-ISRAEL,Akron,Houston,13843,13832,124,1085
2015,FEB,Q1,EMIRATES AIRLINE,Akron,Houston,19781,19570,128,1085
2015,FEB,Q1,ETHIOPIAN AIRLINES,Akron,Houston,79788,83807,134,1085
2015,FEB,Q1,ETIHAD AIRLINES,Akron,Houston,8110,12676,134,1085
2015,FEB,Q1,EVA AIRWAYS,Akron,Houston,25687,25658,137,1085
2015,FEB,Q1,FEDERAL EXPRESS,Akron,Houston,6658,7829,147,1085
2015,FEB,Q1,FINN AIR,Akron,Houston,1786,1976,141,1085
2015,FEB,Q1,FLY DUBAI,Akron,Houston,4667,5324,133,1085
2015,FEB,Q1,GULF AIR,Akron,Houston,17994,20711,126,1085
2015,FEB,Q1,IRAN AIR,Akron,Houston,3423,7421,133,1085
2015,FEB,Q1,IRAQI AIRWAYS,Akron,Houston,2149,2261,131,1085
2015,FEB,Q1,ISLAND AVIATION SERVICES,Akron,Houston,0,842,136,1085
2015,FEB,Q1,JAPAN AIRLINES,Akron,Houston,18597,17519,142,1085
2015,FEB,Q1,KALITTA AIR,Akron,Houston,31208,30816,134,1085
2015,FEB,Q1,KAM AIR,Akron,Houston,8385,8084,201,1085
2015,FEB,Q1,KENYA AIRWAYS,Akron,Houston,16297,15153,196,1085
2015,FEB,Q1,KLM AIRLINES,Akron,Houston,5253,6754,187,1085
2015,FEB,Q1,KOREAN AIR,Akron,Houston,2551,3716,192,1085
2015,FEB,Q1,KUWAIT AIRWAYS,Akron,New York,35049,39885,202,397
2015,FEB,Q1,LUFTHANSA,Akron,New York,14170,12538,218,397
2015,FEB,Q1,MAHAN AIR,Akron,New York,3185,0,223,397
2015,FEB,Q1,MALAYSIA AIRLINES,Akron,New York,23781,24993,210,397
2015,FEB,Q1,MALINDO AIRWAYS,Akron,New York,21041,22344,209,397
2015,FEB,Q1,MIHIN LANKA,Akron,New York,85201,89927,203,397
2015,FEB,Q1,MYANMAR AIRLINES,Akron,New York,322,160,211,397
2015,FEB,Q1,NEPAL AIRLINES CORPORATION,Akron,New York,13713,14842,214,397
2015,FEB,Q1,OMAN AIR,Akron,New York,69319,70039,209,397
2015,FEB,Q1,PAK INTERNATIONAL,Akron,New York,92270,90960,191,397
2015,FEB,Q1,QATAR AIRWATYS,Akron,New York,162,322,199,397
2015,FEB,Q1,REGENT AIRWAYS,Akron,New York,3355,6101,208,397
2015,FEB,Q1,SAFI AIRWAYS,Akron,New York,8313,11879,205,397
2015,FEB,Q1,SAUDIA,Akron,New York,1918,1410,203,397
2015,FEB,Q1,SILK AIR,Akron,New York,7579,10781,210,397
2015,FEB,Q1,SINGAPORE AIRLINES,Akron,New York,11014,12425,204,397
2015,FEB,Q1,SRILNKAN AIRWAYS,Akron,New York,3365,4446,208,397
2015,FEB,Q1,SWISS AIR,Akron,New York,16366,19874,210,397
2015,FEB,Q1,TAJIK AIR,Akron,New York,5832,6226,205,397
2015,FEB,Q1,THAI AIRWAYS,Akron,New York,7853,13344,206,397
2015,FEB,Q1,TIGER AIRWAYS,Akron,New York,18146,18417,204,397
2015,FEB,Q1,TRANSAERO AIRLINES,Akron,New York,88976,94312,217,397
2015,FEB,Q1,TURKISH AIRLINES,Akron,New York,12619,13637,218,397
2015,FEB,Q1,TURKMENISTAN AIRLINES,Akron,New York,3,136,215,397
2015,FEB,Q1,UNITED AIRLINES,Akron,New York,22891,20463,219,397
2015,FEB,Q1,UNITED AIRLINES BANGLADESH LTD.,Akron,New York,16652,16548,255,397
2015,FEB,Q1,UNITED PARCEL SERVICES,Akron,Newark,31439,32752,219,382
2015,FEB,Q1,UZBEKISTAN AIRWAYS,Akron,Newark,24759,24265,214,382
2015,FEB,Q1,VIRGIN ATLANTIC AIRLINES,Akron,Newark,17611,13458,221,382
2015,FEB,Q1,YEMENIA AIRWAYS,Akron,Newark,90,210,225,382
2015,FEB,Q1,AIR INDIA,Akron,Newark,1048,729,199,382
2015,FEB,Q1,AIR INDIA EXPRESS,Akron,Newark,1051,1129,206,382
2015,FEB,Q1,INDIGO,Akron,Newark,25748,28673,214,382
2015,FEB,Q1,JET AIRWAYS,Akron,Newark,4363,4582,204,382
2015,FEB,Q1,SPICEJET,Akron,Newark,11309,9980,213,382
2015,FEB,Q1,AEROFLOT,Akron,Newark,15820,15074,198,382
2015,FEB,Q1,AEROLOGIC,Akron,Newark,5496,6218,194,382
2015,FEB,Q1,AIR ARABIA,Akron,Newark,14511,16302,207,382
2015,FEB,Q1,AIR ASIA BERHAD,Akron,Newark,12771,13339,234,382
2015,FEB,Q1,AIR AUSTRAL,Akron,Newark,2851,2408,216,382
2015,FEB,Q1,AIR CHINA,Akron,Newark,10486,11453,201,382
2015,FEB,Q1,AIR FRANCE,Akron,Newark,36191,40550,192,382
2015,FEB,Q1,AIR MANAS,Akron,Newark,9119,8036,213,382
2015,FEB,Q1,AIR MAURITIUS,Akron,Newark,14269,15019,222,382
2015,FEB,Q1,AIR ASTANA,Akron,Newark,10669,14697,204,382
2015,FEB,Q1,AIR SEYCHELLES,Akron,Newark,20225,20333,237,382
2015,FEB,Q1,ALL NIPPON AIRWAYS,Akron,Newark,24153,24155,209,382
2015,FEB,Q1,ARIANA AFGHAN,Akron,Newark,50327,55377,203,382
2015,FEB,Q1,ASIANA AIRLINES,Akron,Newark,11906,13385,209,382
2015,FEB,Q1,AUSTRIAN AIRLINES,Akron,Newark,14901,14965,204,382
2015,FEB,Q1,BANGKOK AIRWAYS,Akron,Newark,55069,49816,227,382
2015,FEB,Q1,BHUTAN AIRLINES,Akron,Newark,10975,11167,205,382
2015,FEB,Q1,BIMAN BANGLADESH,Akron,Newark,31162,29027,230,382
2015,FEB,Q1,BRITISH AIRWAYS,Akron,Newark,3172,3933,197,382
2015,FEB,Q1,BUDHHA AIR,Akron,Newark,54555,61606,210,382
2015,FEB,Q1,CATHAY PACIFIC,Akron,Newark,21710,20256,202,382
2015,FEB,Q1,CHINA AIRLINES LTD,Akron,Newark,44164,50287,215,382
2015,FEB,Q1,CHINA EASTERN AIRLINES,Akron,Newark,12798,16351,208,382
2015,FEB,Q1,CHINA SOUTHERN ,Akron,Newark,91594,88399,211,382
2015,FEB,Q1,DRAGON AIR,Akron,Newark,117706,119990,215,382
2015,FEB,Q1,DRUK AIR,Akron,Newark,203463,219902,208,382
2015,FEB,Q1,EGYPT AIR,Akron,Newark,4909,1860,157,382
2015,FEB,Q1,EL-AL-ISRAEL,Akron,Newark,110757,117835,162,382
2015,FEB,Q1,EMIRATES AIRLINE,Akron,Newark,7046,8765,153,382
2015,FEB,Q1,ETHIOPIAN AIRLINES,Akron,Newark,129829,121029,152,382
2015,FEB,Q1,ETIHAD AIRLINES,Akron,Newark,33395,39891,150,382
2015,FEB,Q1,EVA AIRWAYS,Akron,Newark,58206,55857,156,382
2015,FEB,Q1,FEDERAL EXPRESS,Akron,Newark,21714,22395,145,382
2015,FEB,Q1,FINN AIR,Akron,Newark,14472,14965,151,382
2015,FEB,Q1,FLY DUBAI,Akron,Newark,43622,43313,143,382
2015,FEB,Q1,GULF AIR,Akron,Newark,257107,277744,150,382
2015,FEB,Q1,IRAN AIR,Akron,Newark,14184,17179,137,382
2015,FEB,Q1,IRAQI AIRWAYS,Akron,Newark,15103,15664,138,382
2015,FEB,Q1,ISLAND AVIATION SERVICES,Akron,Newark,78357,72715,141,382
2015,FEB,Q1,JAPAN AIRLINES,Akron,Newark,4581,4549,143,382
2015,FEB,Q1,KALITTA AIR,Akron,Newark,2600,381,146,382
2015,FEB,Q1,KAM AIR,Akron,Newark,26186,27939,146,382
2015,FEB,Q1,KENYA AIRWAYS,Akron,Newark,20360,23952,136,382
2015,FEB,Q1,KLM AIRLINES,Akron,Newark,43122,57876,140,382
2015,FEB,Q1,KOREAN AIR,Akron,Newark,15558,20413,148,382
2015,FEB,Q1,KUWAIT AIRWAYS,Akron,Orlando,3365,3659,143,861
2015,FEB,Q1,LUFTHANSA,Akron,Orlando,16336,18166,142,861
2015,FEB,Q1,MAHAN AIR,Akron,Orlando,499,579,155,861
2015,FEB,Q1,MALAYSIA AIRLINES,Akron,Orlando,6725,9884,161,861
2015,FEB,Q1,MALINDO AIRWAYS,Akron,Orlando,1196,687,160,861
2015,FEB,Q1,MIHIN LANKA,Akron,Orlando,22734,21938,149,861
2015,FEB,Q1,MYANMAR AIRLINES,Akron,Orlando,25143,23698,158,861
2015,FEB,Q1,NEPAL AIRLINES CORPORATION,Akron,Orlando,73953,84747,150,861
2015,FEB,Q1,OMAN AIR,Akron,Orlando,13931,14277,159,861
2015,FEB,Q1,PAK INTERNATIONAL,Akron,Orlando,65113,64680,151,861
2015,FEB,Q1,QATAR AIRWATYS,Akron,Orlando,21035,24944,154,861
2015,FEB,Q1,REGENT AIRWAYS,Akron,Orlando,24652,28288,151,861
2015,FEB,Q1,SAFI AIRWAYS,Akron,Orlando,5560,6010,162,861
2015,FEB,Q1,SAUDIA,Akron,Orlando,8455,9257,154,861
2015,FEB,Q1,SILK AIR,Akron,Orlando,19493,21405,154,861
2015,FEB,Q1,SINGAPORE AIRLINES,Akron,Orlando,19607,19036,159,861
2015,FEB,Q1,SRILNKAN AIRWAYS,Akron,Orlando,32407,26263,165,861
2015,FEB,Q1,SWISS AIR,Akron,Orlando,13864,14121,154,861
2015,FEB,Q1,TAJIK AIR,Akron,Orlando,10896,13454,160,861
2015,FEB,Q1,THAI AIRWAYS,Akron,Orlando,46555,53317,158,861
2015,FEB,Q1,TIGER AIRWAYS,Akron,Orlando,26708,30315,154,861
2015,FEB,Q1,TRANSAERO AIRLINES,Akron,Orlando,791,1728,150,861
2015,FEB,Q1,TURKISH AIRLINES,Akron,Orlando,1836,3438,158,861
2015,FEB,Q1,TURKMENISTAN AIRLINES,Akron,Orlando,80681,75167,161,861
2015,FEB,Q1,UNITED AIRLINES,Akron,Orlando,3754,4271,154,861
2015,FEB,Q1,UNITED AIRLINES BANGLADESH LTD.,Akron,Philadelphia,12720,9173,143,335
2015,FEB,Q1,UNITED PARCEL SERVICES,Akron,Philadelphia,683,1213,143,335
2015,FEB,Q1,UZBEKISTAN AIRWAYS,Akron,Philadelphia,19874,18032,153,335
2015,FEB,Q1,VIRGIN ATLANTIC AIRLINES,Akron,Philadelphia,28001,30258,148,335
2015,FEB,Q1,YEMENIA AIRWAYS,Akron,Philadelphia,46690,49095,148,335
2015,FEB,Q1,AIR INDIA,Akron,Philadelphia,11133,10749,155,335
2015,FEB,Q1,AIR INDIA EXPRESS,Akron,Philadelphia,39140,39368,142,335
2015,FEB,Q1,INDIGO,Akron,Philadelphia,8855,8165,146,335
2015,FEB,Q1,JET AIRWAYS,Akron,Philadelphia,41804,39987,144,335
2015,FEB,Q1,SPICEJET,Akron,Philadelphia,61087,58595,144,335
2015,FEB,Q1,AEROFLOT,Akron,Philadelphia,5616,4468,148,335
2015,FEB,Q1,AEROLOGIC,Akron,Philadelphia,6804,7394,144,335
2015,FEB,Q1,AIR ARABIA,Akron,Philadelphia,1796,2148,140,335
2015,FEB,Q1,AIR ASIA BERHAD,Akron,Philadelphia,17578,16990,150,335
2015,FEB,Q1,AIR AUSTRAL,Akron,Philadelphia,13035,15179,146,335
2015,FEB,Q1,AIR CHINA,Akron,Philadelphia,1740,727,144,335
2015,FEB,Q1,AIR FRANCE,Akron,Philadelphia,1964,2148,166,335
2015,FEB,Q1,AIR MANAS,Akron,Philadelphia,18340,18341,152,335
2015,FEB,Q1,AIR MAURITIUS,Akron,Tampa,5382,5606,156,894
2015,FEB,Q1,AIR ASTANA,Akron,Tampa,3011,2187,155,894
2015,FEB,Q1,AIR SEYCHELLES,Akron,Tampa,40993,50148,167,894
2015,FEB,Q1,ALL NIPPON AIRWAYS,Akron,Tampa,9737,9774,157,894
2015,FEB,Q1,ARIANA AFGHAN,Akron,Tampa,450,1753,154,894
2015,FEB,Q1,ASIANA AIRLINES,Akron,Tampa,3579,6032,159,894
2015,FEB,Q1,AUSTRIAN AIRLINES,Akron,Tampa,0,4265,157,894
2015,FEB,Q1,BANGKOK AIRWAYS,Akron,Tampa,20263,23430,160,894
2015,FEB,Q1,BHUTAN AIRLINES,Akron,Tampa,14422,17719,156,894
2015,FEB,Q1,BIMAN BANGLADESH,Akron,Tampa,90612,126571,158,894
2015,FEB,Q1,BRITISH AIRWAYS,Akron,Tampa,15141,18457,80,894
2015,FEB,Q1,BUDHHA AIR,Akron,Washington,93260,117999,81,274
2015,FEB,Q1,CATHAY PACIFIC,Akron,Washington,4439,4687,93,274
2015,FEB,Q1,CHINA AIRLINES LTD,Akron,Washington,1332,1529,85,274
2015,FEB,Q1,CHINA EASTERN AIRLINES,Akron,Washington,4358,4766,74,274
2015,FEB,Q1,CHINA SOUTHERN ,Akron,Washington,11866,13311,81,274
2015,FEB,Q1,DRAGON AIR,Akron,Washington,6400,6710,85,274
2015,FEB,Q1,DRUK AIR,Akron,Washington,2043,2012,92,274
2015,FEB,Q1,EGYPT AIR,Akron,Washington,1392,1601,77,274
2015,FEB,Q1,EL-AL-ISRAEL,Akron,Washington,5941,7156,88,274
2015,FEB,Q1,EMIRATES AIRLINE,Akron,Washington,13542,14998,77,274
2015,FEB,Q1,ETHIOPIAN AIRLINES,Akron,Washington,1608,1403,76,274
2015,FEB,Q1,ETIHAD AIRLINES,Akron,Washington,2702,1510,80,274
2015,FEB,Q1,EVA AIRWAYS,Akron,Washington,6283,8500,88,274
2015,FEB,Q1,FEDERAL EXPRESS,Akron,Washington,21624,29249,80,274
2015,FEB,Q1,FINN AIR,Akron,Washington,2315,3567,79,274
2015,FEB,Q1,FLY DUBAI,Albany,Atlanta ,15717,20086,79,145
2015,FEB,Q1,GULF AIR,Albany,Atlanta ,16347,19354,92,145
2015,MAR,Q1,IRAN AIR,Albany,Atlanta ,6026,9129,92,145
2015,MAR,Q1,IRAQI AIRWAYS,Albany,Atlanta ,12578,11242,100,145
2015,MAR,Q1,ISLAND AVIATION SERVICES,Albany,Atlanta ,33543,33262,87,145
2015,MAR,Q1,JAPAN AIRLINES,Albany,Atlanta ,30537,36247,87,145
2015,MAR,Q1,KALITTA AIR,Albany,Atlanta ,4694,4957,84,145
2015,MAR,Q1,KAM AIR,Albany,Atlanta ,28102,28430,86,145
2015,MAR,Q1,KENYA AIRWAYS,Albany,Atlanta ,9777,12605,84,145
2015,MAR,Q1,KLM AIRLINES,Albany,Atlanta ,34854,34968,91,145
2015,MAR,Q1,KOREAN AIR,Albany,Atlanta ,25772,25574,75,145
2015,MAR,Q1,KUWAIT AIRWAYS,Albany,Atlanta ,12273,13017,79,145
2015,MAR,Q1,LUFTHANSA,Albany,Atlanta ,5354,5188,81,145
2015,MAR,Q1,MAHAN AIR,Albany,Atlanta ,57681,67071,76,145
2015,MAR,Q1,MALAYSIA AIRLINES,Albany,Atlanta ,33797,31410,73,145
2015,MAR,Q1,MALINDO AIRWAYS,Albany,Atlanta ,19277,24593,74,145
2015,MAR,Q1,MIHIN LANKA,Albany,Atlanta ,12550,21566,85,145
2015,MAR,Q1,MYANMAR AIRLINES,Albany,Atlanta ,1431,1368,79,145
2015,MAR,Q1,NEPAL AIRLINES CORPORATION,Albany,Atlanta ,16990,20875,77,145
2015,MAR,Q1,OMAN AIR,Albany,Atlanta ,2690,4067,74,145
2015,MAR,Q1,PAK INTERNATIONAL,Albany,Atlanta ,5196,7412,84,145
2015,MAR,Q1,QATAR AIRWATYS,Albany,Atlanta ,13108,15108,84,145
2015,MAR,Q1,REGENT AIRWAYS,Albany,Atlanta ,45613,51714,75,145
2015,MAR,Q1,SAFI AIRWAYS,Albany,Atlanta ,998,1286,81,145
2015,MAR,Q1,SAUDIA,Albany,Atlanta ,181,109,93,145
2015,MAR,Q1,SILK AIR,Albany,Atlanta ,12476,14214,91,145
2015,MAR,Q1,SINGAPORE AIRLINES,Albany,Atlanta ,1595,1350,87,145
2015,MAR,Q1,SRILNKAN AIRWAYS,Albany,Atlanta ,26385,32356,95,145
2015,MAR,Q1,SWISS AIR,Albany,Atlanta ,33281,35130,84,145
2015,MAR,Q1,TAJIK AIR,Albany,Atlanta ,5918,6273,85,145
2015,MAR,Q1,THAI AIRWAYS,Albany,Atlanta ,6427,5635,91,145
2015,MAR,Q1,TIGER AIRWAYS,Albany,Atlanta ,21992,24638,85,145
2015,MAR,Q1,TRANSAERO AIRLINES,Albany,Atlanta ,448,435,73,145
2015,MAR,Q1,TURKISH AIRLINES,Albany,Atlanta ,1426,1747,72,145
2015,MAR,Q1,TURKMENISTAN AIRLINES,Albany,Atlanta ,1814,2179,84,145
2015,MAR,Q1,UNITED AIRLINES,Albany,Atlanta ,208,181,81,145
2015,MAR,Q1,UNITED AIRLINES BANGLADESH LTD.,Albany,Atlanta ,2101,1620,75,145
2015,MAR,Q1,UNITED PARCEL SERVICES,Albany,Atlanta ,8793,8412,72,145
2015,MAR,Q1,UZBEKISTAN AIRWAYS,Albany,Atlanta ,22005,24384,79,145
2015,MAR,Q1,VIRGIN ATLANTIC AIRLINES,Albany,Atlanta ,9820,10219,94,145
2015,MAR,Q1,YEMENIA AIRWAYS,Albany,Atlanta ,23976,20927,81,145
2015,MAR,Q1,AIR INDIA,Albany,Atlanta ,6106,7616,82,145
2015,MAR,Q1,AIR INDIA EXPRESS,Albany,Atlanta ,8988,12027,74,145
2015,MAR,Q1,INDIGO,Albany,Atlanta ,43776,47154,74,145
2015,MAR,Q1,JET AIRWAYS,Albany,Atlanta ,6972,7473,81,145
2015,MAR,Q1,SPICEJET,Albany,Atlanta ,7599,12892,84,145
2015,MAR,Q1,AEROFLOT,Albany,Atlanta ,1116,1096,89,145
2015,MAR,Q1,AEROLOGIC,Albany,Atlanta ,3138,3102,80,145
2015,MAR,Q1,AIR ARABIA,Albany,Atlanta ,753,954,84,145
2015,MAR,Q1,AIR ASIA BERHAD,Albany,Atlanta ,0,318,85,145
2015,MAR,Q1,AIR ASTANA,Albany,Atlanta ,8627,10689,123,145
2015,MAR,Q1,AIR AUSTRAL,Albany,Atlanta ,5633,6886,89,145
2015,MAR,Q1,AIR CHINA,Albany,Atlanta ,3965,4175,85,145
2015,MAR,Q1,AIR FRANCE,Albany,Baltimore,7811,8248,81,289
2015,MAR,Q1,AIR MANAS,Albany,Baltimore,2590,2483,94,289
2015,MAR,Q1,AIR MAURITIUS,Albany,Baltimore,13786,14236,86,289
2015,MAR,Q1,AIR SEYCHELLES,Albany,Baltimore,14364,13870,82,289
2015,MAR,Q1,ALL NIPPON AIRWAYS,Albany,Baltimore,14931,17576,84,289
2015,MAR,Q1,ARIANA AFGHAN,Albany,Baltimore,10473,9918,79,289
2015,MAR,Q1,ASIANA AIRLINES,Albany,Baltimore,24914,29107,94,289
2015,MAR,Q1,AUSTRIAN AIRLINES,Albany,Baltimore,9205,9168,87,289
2015,MAR,Q1,BANGKOK AIRWAYS,Albany,Baltimore,14657,14601,99,289
2015,MAR,Q1,BHUTAN AIRLINES,Albany,Baltimore,13696,14634,70,289
2015,MAR,Q1,BIMAN BANGLADESH,Albany,Baltimore,67614,66476,77,289
2015,MAR,Q1,BRITISH AIRWAYS,Albany,Baltimore,43436,42931,86,289
2015,MAR,Q1,BUDHHA AIR,Albany,Baltimore,26560,28758,85,289
2015,MAR,Q1,CATHAY PACIFIC,Albany,Baltimore,6470,7703,72,289
2015,MAR,Q1,CHINA AIRLINES LTD,Albany,Baltimore,648,1204,81,289
2015,MAR,Q1,CHINA EASTERN AIRLINES,Albany,Baltimore,44894,43190,85,289
2015,MAR,Q1,CHINA SOUTHERN ,Albany,Baltimore,8005,9195,93,289
2015,MAR,Q1,DRAGON AIR,Albany,Baltimore,42137,41651,76,289
2015,MAR,Q1,DRUK AIR,Albany,Baltimore,92208,98825,66,289
2015,MAR,Q1,EGYPT AIR,Albany,Charlotte ,6009,6323,72,646
2015,MAR,Q1,EL-AL-ISRAEL,Albany,Charlotte ,78830,86011,69,646
2015,MAR,Q1,EMIRATES AIRLINE,Albany,Charlotte ,24215,24921,71,646
2015,MAR,Q1,ETHIOPIAN AIRLINES,Albany,Charlotte ,18792,18607,77,646
2015,MAR,Q1,ETIHAD AIRLINES,Albany,Charlotte ,13984,13725,68,646
2015,MAR,Q1,EVA AIRWAYS,Albany,Charlotte ,90346,91884,62,646
2015,MAR,Q1,FEDERAL EXPRESS,Albany,Charlotte ,40511,41022,62,646
2015,MAR,Q1,FINN AIR,Albany,Charlotte ,5309,5560,64,646
2015,MAR,Q1,FLY DUBAI,Albany,Charlotte ,2525,2585,63,646
2015,MAR,Q1,GULF AIR,Albany,Charlotte ,6834,9022,63,646
2015,MAR,Q1,IRAN AIR,Albany,Charlotte ,1288,7417,70,646
2015,MAR,Q1,IRAQI AIRWAYS,Albany,Charlotte ,1323,3027,62,646
2015,MAR,Q1,ISLAND AVIATION SERVICES,Albany,Charlotte ,11180,9958,68,646
2015,MAR,Q1,JAPAN AIRLINES,Albany,Charlotte ,3363,2863,64,646
2015,MAR,Q1,KALITTA AIR,Albany,Charlotte ,4540,4661,66,646
2015,MAR,Q1,KAM AIR,Albany,Charlotte ,5693,6692,61,646
2015,MAR,Q1,KENYA AIRWAYS,Albany,Charlotte ,10193,12391,63,646
2015,MAR,Q1,KLM AIRLINES,Albany,Charlotte ,9404,13262,62,646
2015,MAR,Q1,KOREAN AIR,Albany,Charlotte ,10481,16315,70,646
2015,MAR,Q1,KUWAIT AIRWAYS,Albany,Charlotte ,16253,20642,65,646
2015,MAR,Q1,LUFTHANSA,Albany,Charlotte ,16091,20279,69,646
2015,MAR,Q1,MAHAN AIR,Albany,Charlotte ,18134,20974,73,646
2015,MAR,Q1,MALAYSIA AIRLINES,Albany,Charlotte ,33314,35643,65,646
2015,MAR,Q1,MALINDO AIRWAYS,Albany,Charlotte ,37795,43010,68,646
2015,MAR,Q1,MIHIN LANKA,Albany,Charlotte ,62832,67076,69,646
2015,MAR,Q1,MYANMAR AIRLINES,Albany,Charlotte ,39317,41696,63,646
2015,MAR,Q1,NEPAL AIRLINES CORPORATION,Albany,Charlotte ,7550,10466,75,646
2015,MAR,Q1,OMAN AIR,Albany,Charlotte ,57853,59696,68,646
2015,MAR,Q1,PAK INTERNATIONAL,Albany,Charlotte ,6041,7432,71,646
2015,MAR,Q1,QATAR AIRWATYS,Albany,Charlotte ,54773,46630,71,646
2015,MAR,Q1,REGENT AIRWAYS,Albany,Charlotte ,12948,11533,59,646
2015,MAR,Q1,SAFI AIRWAYS,Albany,Chicago,17801,19928,67,723
2015,MAR,Q1,SAUDIA,Albany,Chicago,70306,86560,85,723
2015,MAR,Q1,SILK AIR,Albany,Chicago,8003,11696,63,723
2015,MAR,Q1,SINGAPORE AIRLINES,Albany,Chicago,26691,30487,62,723
2015,MAR,Q1,SRILNKAN AIRWAYS,Albany,Chicago,10223,10790,64,723
2015,MAR,Q1,SWISS AIR,Albany,Chicago,7307,6512,90,723
2015,MAR,Q1,TAJIK AIR,Albany,Chicago,21,427,71,723
2015,MAR,Q1,THAI AIR ASIA,Albany,Chicago,1929,2119,67,723
2015,MAR,Q1,THAI AIRWAYS,Albany,Chicago,7241,7197,62,723
2015,MAR,Q1,TIGER AIRWAYS,Albany,Chicago,13576,14505,70,723
2015,MAR,Q1,TRANSAERO AIRLINES,Albany,Chicago,7608,7520,71,723
2015,MAR,Q1,TURKISH AIRLINES,Albany,Chicago,2570,2288,74,723
2015,MAR,Q1,TURKMENISTAN AIRLINES,Albany,Chicago,2586,2226,78,723
2015,MAR,Q1,UNITED AIRLINES,Albany,Chicago,0,0,66,723
2015,MAR,Q1,UNITED AIRLINES BANGLADESH LTD.,Albany,Chicago,15888,16393,71,723
2015,MAR,Q1,UNITED PARCEL SERVICES,Albany,Chicago,28851,28676,69,723
2015,MAR,Q1,UZBEKISTAN AIRWAYS,Albany,Chicago,8119,8000,74,723
2015,MAR,Q1,VIRGIN ATLANTIC AIRLINES,Albany,Chicago,15431,16218,61,723
2015,MAR,Q1,YEMENIA AIRWAYS,Albany,Chicago,4841,6600,67,723
2015,MAR,Q1,AIR INDIA,Albany,Chicago,2770,3964,73,723
2015,MAR,Q1,AIR INDIA EXPRESS,Albany,Chicago,28858,35790,70,723
2015,MAR,Q1,INDIGO,Albany,Chicago,13380,12644,71,723
2015,MAR,Q1,JET AIRWAYS,Albany,Chicago,1707,0,62,723
2015,MAR,Q1,SPICEJET,Albany,Chicago,22816,24321,61,723
2015,MAR,Q1,AEROFLOT,Albany,Chicago,19389,21927,67,723
2015,MAR,Q1,AEROLOGIC,Albany,Chicago,85700,87939,62,723
2015,MAR,Q1,AIR ARABIA,Albany,Chicago,12895,14016,63,723
2015,MAR,Q1,AIR ASIA BERHAD,Albany,Chicago,67568,67056,66,723
2015,MAR,Q1,AIR ASTANA,Albany,Chicago,71849,74987,64,723
2015,MAR,Q1,AIR AUSTRAL,Albany,Chicago,4691,3924,68,723
2015,MAR,Q1,AIR CHINA,Albany,Chicago,12338,12925,79,723
2015,MAR,Q1,AIR FRANCE,Albany,Chicago,1993,3007,70,723
2015,MAR,Q1,AIR MANAS,Albany,Chicago,9369,10290,61,723
2015,MAR,Q1,AIR MAURITIUS,Albany,Chicago,13356,12393,67,723
2015,MAR,Q1,AIR SEYCHELLES,Albany,Chicago,3702,4169,66,723
2015,MAR,Q1,ALL NIPPON AIRWAYS,Albany,Chicago,16009,18917,72,723
2015,MAR,Q1,ARIANA AFGHAN,Albany,Chicago,5449,8695,67,723
2015,MAR,Q1,ASIANA AIRLINES,Albany,Chicago,8955,8932,67,723
2015,MAR,Q1,AUSTRIAN AIRLINES,Albany,Chicago,15400,14899,65,723
2015,MAR,Q1,BANGKOK AIRWAYS,Albany,Chicago,85376,92890,66,723
2015,MAR,Q1,BHUTAN AIRLINES,Albany,Chicago,23088,23871,90,723
2015,MAR,Q1,BIMAN BANGLADESH,Albany,Chicago,2066,1526,69,723
2015,MAR,Q1,BRITISH AIRWAYS,Albany,Denver,20643,23489,72,1610
2015,MAR,Q1,BUDHHA AIR,Albany,Denver,3069,2909,67,1610
2015,MAR,Q1,CATHAY PACIFIC,Albany,Denver,16532,17663,75,1610
2015,MAR,Q1,CHINA AIRLINES LTD,Albany,Detroit,35140,35703,64,489
2015,MAR,Q1,CHINA EASTERN AIRLINES,Albany,Detroit,20820,23591,83,489
2015,MAR,Q1,CHINA SOUTHERN ,Albany,Detroit,13282,11787,78,489
2015,MAR,Q1,DRAGON AIR,Albany,Detroit,2485,2003,64,489
2015,MAR,Q1,DRUK AIR,Albany,Detroit,1411,1442,67,489
2015,MAR,Q1,EGYPT AIR,Albany,Detroit,1720,1948,72,489
2015,MAR,Q1,EL-AL-ISRAEL,Albany,Detroit,25941,22901,77,489
2015,MAR,Q1,EMIRATES AIRLINE,Albany,Detroit,4956,4868,75,489
2015,MAR,Q1,ETHIOPIAN AIRLINES,Albany,Detroit,14885,16090,58,489
2015,MAR,Q1,ETIHAD AIRLINES,Albany,Detroit,20128,17998,64,489
2015,MAR,Q1,EVA AIRWAYS,Albany,Detroit,5892,5689,60,489
2015,MAR,Q1,FEDERAL EXPRESS,Albany,Detroit,12265,12778,71,489
2015,MAR,Q1,FINN AIR,Albany,Detroit,12970,13183,69,489
2015,MAR,Q1,FLY DUBAI,Albany,Detroit,3331,2495,60,489
2015,MAR,Q1,GULF AIR,Albany,Detroit,11851,12136,67,489
2015,MAR,Q1,IRAN AIR,Albany,Detroit,41091,42706,68,489
2015,MAR,Q1,IRAQI AIRWAYS,Albany,Detroit,8397,13091,70,489
2015,MAR,Q1,ISLAND AVIATION SERVICES,Albany,Detroit,13199,13778,75,489
2015,MAR,Q1,JAPAN AIRLINES,Albany,Detroit,12250,12479,68,489
2015,MAR,Q1,KALITTA AIR,Albany,Detroit,21515,24269,63,489
2015,MAR,Q1,KAM AIR,Albany,Detroit,23400,24765,72,489
2015,MAR,Q1,KENYA AIRWAYS,Albany,Detroit,53297,47973,70,489
2015,MAR,Q1,KLM AIRLINES,Albany,Detroit,10767,12109,76,489
2015,MAR,Q1,KOREAN AIR,Albany,Fort Lauderdale,15056,15084,65,1204
2015,MAR,Q1,KUWAIT AIRWAYS,Albany,Fort Lauderdale,50833,51998,65,1204
2015,MAR,Q1,LUFTHANSA,Albany,Fort Lauderdale,10443,10239,70,1204
2015,MAR,Q1,MAHAN AIR,Albany,Fort Lauderdale,35253,34110,75,1204
2015,MAR,Q1,MALAYSIA AIRLINES,Albany,Fort Lauderdale,2858,3701,70,1204
2015,MAR,Q1,MALINDO AIRWAYS,Albany,Fort Lauderdale,50475,56631,71,1204
2015,MAR,Q1,MIHIN LANKA,Albany,Fort Lauderdale,24930,25680,71,1204
2015,MAR,Q1,MYANMAR AIRLINES,Albany,Fort Lauderdale,2552,2720,67,1204
2015,MAR,Q1,NEPAL AIRLINES CORPORATION,Albany,Fort Lauderdale,8646,8705,74,1204
2015,MAR,Q1,OMAN AIR,Albany,Fort Lauderdale,42186,46109,67,1204
2015,MAR,Q1,PAK INTERNATIONAL,Albany,Fort Lauderdale,13687,15617,68,1204
2015,MAR,Q1,QATAR AIRWATYS,Albany,Fort Lauderdale,81456,87533,67,1204
2015,MAR,Q1,REGENT AIRWAYS,Albany,Fort Lauderdale,105189,120716,74,1204
2015,MAR,Q1,SAFI AIRWAYS,Albany,Fort Lauderdale,190610,201312,73,1204
2015,MAR,Q1,SAUDIA,Albany,Fort Lauderdale,6100,5668,57,1204
2015,MAR,Q1,SILK AIR,Albany,Fort Lauderdale,106335,112220,63,1204
2015,MAR,Q1,SINGAPORE AIRLINES,Albany,Fort Lauderdale,6493,8250,63,1204
2015,MAR,Q1,SRILNKAN AIRWAYS,Albany,Fort Lauderdale,126471,139158,65,1204
2015,MAR,Q1,SWISS AIR,Albany,Fort Lauderdale,32589,36684,60,1204
2015,MAR,Q1,TAJIK AIR,Albany,Fort Lauderdale,45252,42814,63,1204
2015,MAR,Q1,THAI AIR ASIA,Albany,Fort Lauderdale,21777,21590,63,1204
2015,MAR,Q1,THAI AIRWAYS,Albany,Fort Lauderdale,14674,15074,66,1204
2015,MAR,Q1,TIGER AIRWAYS,Albany,Fort Lauderdale,40648,42510,66,1204
2015,MAR,Q1,TRANSAERO AIRLINES,Albany,Fort Lauderdale,232331,263796,71,1204
2015,MAR,Q1,TURKISH AIRLINES,Albany,Fort Lauderdale,14726,19849,65,1204
2015,MAR,Q1,TURKMENISTAN AIRLINES,Albany,Fort Lauderdale,15161,15358,68,1204
2015,MAR,Q1,UNITED AIRLINES,Albany,Fort Lauderdale,67890,75124,81,1204
2015,MAR,Q1,UNITED AIRLINES BANGLADESH LTD.,Albany,Fort Lauderdale,3711,4155,70,1204
2015,MAR,Q1,UNITED PARCEL SERVICES,Albany,Fort Lauderdale,541,786,65,1204
2015,MAR,Q1,UZBEKISTAN AIRWAYS,Albany,Fort Lauderdale,18988,19992,71,1204
2015,MAR,Q1,VIRGIN ATLANTIC AIRLINES,Albany,Fort Lauderdale,20910,23903,78,1204
2015,MAR,Q1,YEMENIA AIRWAYS,Albany,Fort Lauderdale,53126,55504,66,1204
2015,MAR,Q1,AIR INDIA,Albany,Fort Lauderdale,26954,30036,68,1204
2015,MAR,Q1,AIR INDIA EXPRESS,Albany,Fort Lauderdale,3791,3958,69,1204
2015,MAR,Q1,INDIGO,Albany,Fort Lauderdale,17749,16487,75,1204
2015,MAR,Q1,JET AIRWAYS,Albany,Fort Lauderdale,462,477,68,1204
2015,MAR,Q1,SPICEJET,Albany,Fort Lauderdale,8242,8386,72,1204
2015,MAR,Q1,AEROFLOT,Albany,Fort Lauderdale,148,73,68,1204
2015,MAR,Q1,AEROLOGIC,Albany,Fort Myers,1680,1008,66,1205
2015,MAR,Q1,AIR ARABIA,Albany,Fort Myers,13861,13156,70,1205
2015,MAR,Q1,AIR ASIA BERHAD,Albany,Fort Myers,17934,18275,64,1205
2015,MAR,Q1,AIR ASTANA,Albany,Fort Myers,64310,62951,60,1205
2015,MAR,Q1,AIR AUSTRAL,Albany,Fort Myers,9345,10184,57,1205
2015,MAR,Q1,AIR CHINA,Albany,Fort Myers,53883,51436,56,1205
2015,MAR,Q1,AIR FRANCE,Albany,Fort Myers,23138,23182,64,1205
2015,MAR,Q1,AIR MANAS,Albany,Fort Myers,26629,28171,65,1205
2015,MAR,Q1,AIR MAURITIUS,Albany,Fort Myers,4243,5131,62,1205
2015,MAR,Q1,AIR SEYCHELLES,Albany,Fort Myers,6886,9121,59,1205
2015,MAR,Q1,ALL NIPPON AIRWAYS,Albany,Fort Myers,21397,21612,60,1205
2015,MAR,Q1,ARIANA AFGHAN,Albany,Fort Myers,16693,16773,61,1205
2015,MAR,Q1,ASIANA AIRLINES,Albany,Minneapolis,33868,38158,64,980
2015,MAR,Q1,AUSTRIAN AIRLINES,Albany,Minneapolis,10001,11047,65,980
2015,MAR,Q1,BANGKOK AIRWAYS,Albany,Newark,37860,40790,60,143
2015,MAR,Q1,BHUTAN AIRLINES,Albany,Newark,27081,20488,61,143
2015,MAR,Q1,BIMAN BANGLADESH,Albany,Newark,720,1446,60,143
2015,MAR,Q1,BRITISH AIRWAYS,Albany,Newark,1737,2941,68,143
2015,APR,Q2,BUDHHA AIR,Albany,Newark,0,5,60,143
2015,APR,Q2,CATHAY PACIFIC,Albany,Newark,64594,68379,62,143
2015,APR,Q2,CHINA AIRLINES LTD,Albany,Newark,2628,2756,70,143
2015,APR,Q2,CHINA EASTERN AIRLINES,Albany,Newark,5920,6663,66,143
2015,APR,Q2,CHINA SOUTHERN ,Albany,Newark,16636,16457,66,143
2015,APR,Q2,DRAGON AIR,Albany,Newark,23654,28513,61,143
2015,APR,Q2,DRUK AIR,Albany,Newark,42193,41147,65,143
2015,APR,Q2,EGYPT AIR,Albany,Newark,1250,1017,61,143
2015,APR,Q2,EL-AL-ISRAEL,Albany,Newark,12929,13512,66,143
2015,APR,Q2,EMIRATES AIRLINE,Albany,Newark,23955,24277,62,143
2015,APR,Q2,ETHIOPIAN AIRLINES,Albany,Newark,12921,11120,64,143
2015,APR,Q2,ETIHAD AIRLINES,Albany,Newark,32673,32112,74,143
2015,APR,Q2,EVA AIRWAYS,Albany,Newark,58870,57262,69,143
2015,APR,Q2,FEDERAL EXPRESS,Albany,Orlando,1518,1267,59,1073
2015,APR,Q2,FINN AIR,Albany,Orlando,3879,4022,57,1073
2015,APR,Q2,FLY DUBAI,Albany,Orlando,6733,7006,62,1073
2015,APR,Q2,GULF AIR,Albany,Orlando,2371,2240,72,1073
2015,APR,Q2,IRAN AIR,Albany,Orlando,886,1385,65,1073
2015,APR,Q2,IRAQI AIRWAYS,Albany,Orlando,16696,17664,64,1073
2015,APR,Q2,ISLAND AVIATION SERVICES,Albany,Orlando,11435,11110,57,1073
2015,APR,Q2,JAPAN AIRLINES,Albany,Orlando,2003,2487,67,1073
2015,APR,Q2,KALITTA AIR,Albany,Orlando,2196,1957,67,1073
2015,APR,Q2,KAM AIR,Albany,Orlando,18499,19225,60,1073
2015,APR,Q2,KENYA AIRWAYS,Albany,Orlando,5800,5674,65,1073
2015,APR,Q2,KLM AIRLINES,Albany,Orlando,2708,2600,57,1073
2015,APR,Q2,KOREAN AIR,Albany,Orlando,39712,43844,65,1073
2015,APR,Q2,KUWAIT AIRWAYS,Albany,Orlando,9831,9879,72,1073
2015,APR,Q2,LUFTHANSA,Albany,Orlando,501,1651,71,1073
2015,APR,Q2,MAHAN AIR,Albany,Orlando,3522,3239,65,1073
2015,APR,Q2,MALAYSIA AIRLINES,Albany,Orlando,0,1705,68,1073
2015,APR,Q2,MALINDO AIRWAYS,Albany,Orlando,20127,23022,63,1073
2015,APR,Q2,MIHIN LANKA,Albany,Orlando,15628,17772,73,1073
2015,APR,Q2,MYANMAR AIRLINES,Albany,Orlando,119157,118774,67,1073
2015,APR,Q2,NEPAL AIRLINES CORPORATION,Albany,Orlando,15664,17965,67,1073
2015,APR,Q2,OMAN AIR,Albany,Orlando,106485,115865,57,1073
2015,APR,Q2,PAK INTERNATIONAL,Albany,Orlando,3732,3678,64,1073
2015,APR,Q2,QATAR AIRWATYS,Albany,Orlando,1392,1616,69,1073
2015,APR,Q2,REGENT AIRWAYS,Albany,Orlando,5415,5525,139,1073
2015,APR,Q2,SAFI AIRWAYS,Albany,Orlando,11002,10993,150,1073
2015,APR,Q2,SAUDIA,Albany,Orlando,8325,8150,130,1073
2015,APR,Q2,SILK AIR,Albany,Orlando,1666,1472,129,1073
2015,APR,Q2,SINGAPORE AIRLINES,Albany,Orlando,1508,1793,127,1073
2015,APR,Q2,SRILNKAN AIRWAYS,Albany,Orlando,5293,5095,124,1073
2015,APR,Q2,SWISS AIR,Albany,Orlando,9577,9330,136,1073
2015,APR,Q2,TAJIK AIR,Albany,Orlando,1117,926,133,1073
2015,APR,Q2,THAI AIR ASIA,Albany,Orlando,1354,758,130,1073
2015,APR,Q2,THAI AIRWAYS,Albany,Orlando,6915,8993,139,1073
2015,APR,Q2,TIGER AIRWAYS,Albany,Orlando,28919,31698,118,1073
2015,APR,Q2,TRANSAERO AIRLINES,Albany,Orlando,201,233,145,1073
2015,APR,Q2,TURKISH AIRLINES,Albany,Orlando,18662,19343,143,1073
2015,APR,Q2,TURKMENISTAN AIRLINES,Albany,Orlando,17450,19376,143,1073
2015,APR,Q2,UNITED AIRLINES,Albany,Orlando,6098,10935,183,1073
2015,APR,Q2,UNITED AIRLINES BANGLADESH LTD.,Albany,Orlando,10263,11320,201,1073
2015,APR,Q2,UNITED PARCEL SERVICES,Albany,Orlando,30567,34176,161,1073
2015,APR,Q2,UZBEKISTAN AIRWAYS,Albany,Orlando,29954,33176,145,1073
2015,APR,Q2,VIRGIN ATLANTIC AIRLINES,Albany,Orlando,3769,5646,167,1073
2015,APR,Q2,YEMENIA AIRWAYS,Albany,Orlando,27040,27815,162,1073
2015,APR,Q2,AIR INDIA,Albany,Orlando,9373,10772,168,1073
2015,APR,Q2,AIR INDIA EXPRESS,Albany,Orlando,35952,36754,163,1073
2015,APR,Q2,INDIGO,Albany,Punta Gorda,27397,27390,152,1185
2015,APR,Q2,JET AIRWAYS,Albany,Punta Gorda,10992,12628,167,1185
2015,APR,Q2,SPICEJET,Albany,Punta Gorda,4908,6003,180,1185
2015,APR,Q2,AEROFLOT,Albany,Punta Gorda,49753,65965,158,1185
2015,APR,Q2,AEROLOGIC,Albany,Punta Gorda,33394,34605,162,1185
2015,APR,Q2,AIR ARABIA,Albany,Punta Gorda,26330,21624,165,1185
2015,APR,Q2,AIR ASIA BERHAD,Albany,Punta Gorda,15495,16892,153,1185
2015,APR,Q2,AIR ASTANA,Albany,Punta Gorda,1148,1098,169,1185
2015,APR,Q2,AIR AUSTRAL,Albany,Punta Gorda,18213,21767,176,1185
2015,APR,Q2,AIR CANADA,Albany,Punta Gorda,11460,16071,197,1185
2015,APR,Q2,AIR CHINA,Albany,Punta Gorda,5562,7460,165,1185
2015,APR,Q2,AIR FRANCE,Albany,Punta Gorda,22065,22386,173,1185
2015,APR,Q2,AIR MANAS,Albany,Punta Gorda,36723,42328,197,1185
2015,APR,Q2,AIR MAURITIUS,Albany,Sanford,1463,1571,173,1049
2015,APR,Q2,AIR SEYCHELLES,Albany,Sanford,225,180,179,1049
2015,APR,Q2,ALL NIPPON AIRWAYS,Albany,Sanford,9356,10749,173,1049
2015,APR,Q2,ARIANA AFGHAN,Albany,Sanford,2266,2262,160,1049
2015,APR,Q2,ASIANA AIRLINES,Albany,Sanford,25837,27883,167,1049
2015,APR,Q2,AUSTRIAN AIRLINES,Albany,Sanford,29543,29598,163,1049
2015,APR,Q2,BANGKOK AIRWAYS,Albany,Sanford,3272,3364,183,1049
2015,APR,Q2,BHUTAN AIRLINES,Albany,Sanford,3596,3435,177,1049
2015,APR,Q2,BIMAN BANGLADESH,Albany,Sanford,20805,20060,61,1049
2015,APR,Q2,BRITISH AIRWAYS,Albany,Sanford,636,582,65,1049
2015,APR,Q2,BUDHHA AIR,Albany,Sanford,494,346,62,1049
2015,APR,Q2,CATHAY PACIFIC,Albany,Sanford,1209,1141,56,1049
2015,APR,Q2,CHINA AIRLINES LTD,Albany,Sanford,470,311,61,1049
2015,APR,Q2,CHINA EASTERN AIRLINES,Albany,St. Petersburg,2258,2069,64,1138
2015,APR,Q2,CHINA SOUTHERN ,Albany,St. Petersburg,7661,8350,62,1138
2015,APR,Q2,DRAGON AIR,Albany,St. Petersburg,21924,19910,67,1138
2015,APR,Q2,DRUK AIR,Albany,St. Petersburg,10150,9551,66,1138
2015,APR,Q2,EGYPT AIR,Albany,St. Petersburg,27212,27251,80,1138
2015,APR,Q2,EL-AL-ISRAEL,Albany,St. Petersburg,7685,8536,62,1138
2015,APR,Q2,EMIRATES AIRLINE,Albany,St. Petersburg,44950,46850,63,1138
2015,APR,Q2,ETHIOPIAN AIRLINES,Albany,St. Petersburg,6259,6552,64,1138
2015,APR,Q2,ETIHAD AIRLINES,Albany,St. Petersburg,10123,14057,70,1138
2015,APR,Q2,EVA AIRWAYS,Albany,St. Petersburg,1206,1099,60,1138
2015,APR,Q2,FEDERAL EXPRESS,Albany,St. Petersburg,3113,3737,61,1138
2015,APR,Q2,FINN AIR,Albany,St. Petersburg,800,1209,63,1138
2015,APR,Q2,FLY DUBAI,Albany,St. Petersburg,0,298,70,1138
2015,APR,Q2,GULF AIR,Albany,Tampa,11401,11577,66,1130
2015,APR,Q2,IRAN AIR,Albany,Tampa,6341,6608,77,1130
2015,APR,Q2,IRAQI AIRWAYS,Albany,Tampa,5377,5068,61,1130
2015,APR,Q2,ISLAND AVIATION SERVICES,Albany,Tampa,9128,8737,62,1130
2015,APR,Q2,JAPAN AIRLINES,Albany,Tampa,2061,2320,59,1130
2015,APR,Q2,KALITTA AIR,Albany,Tampa,11709,13269,65,1130
2015,APR,Q2,KAM AIR,Albany,Tampa,12870,13155,69,1130
2015,APR,Q2,KENYA AIRWAYS,Albany,Tampa,14956,17629,66,1130
2015,APR,Q2,KLM AIRLINES,Albany,Tampa,9436,9851,61,1130
2015,APR,Q2,KOREAN AIR,Albany,Tampa,26775,27504,57,1130
2015,APR,Q2,KUWAIT AIRWAYS,Albany,Tampa,7433,8535,52,1130
2015,APR,Q2,LUFTHANSA,Albany,Tampa,14308,14046,62,1130
2015,APR,Q2,MAHAN AIR,Albany,Tampa,13267,13659,60,1130
2015,APR,Q2,MALAYSIA AIRLINES,Albany,Tampa,64717,69458,65,1130
2015,APR,Q2,MALINDO AIRWAYS,Albany,Tampa,44496,43474,57,1130
2015,APR,Q2,MIHIN LANKA,Albany,Tampa,23267,27608,57,1130
2015,APR,Q2,MYANMAR AIRLINES,Albany,Tampa,5320,7093,67,1130
2015,APR,Q2,NEPAL AIRLINES CORPORATION,Albany,Tampa,44175,43647,62,1130
2015,APR,Q2,OMAN AIR,Albany,Tampa,2136,3261,62,1130
2015,APR,Q2,PAK INTERNATIONAL,Albany,Tampa,6488,6865,64,1130
2015,APR,Q2,QATAR AIRWAYS,Albany,Tampa,37313,37653,71,1130
2015,APR,Q2,REGENT AIRWAYS,Albany,Tampa,83029,92227,63,1130
2015,APR,Q2,SAFI AIRWAYS,Albany,Tampa,4956,5969,69,1130
2015,APR,Q2,SAUDIA,Albany,Washington,70719,69068,67,318
2015,APR,Q2,SCAT AIRLINES,Albany,Washington,20985,22741,61,318
2015,APR,Q2,SHANDONG AIRLINES,Albany,Washington,18887,20018,65,318
2015,APR,Q2,SILK AIR,Albany,Washington,14537,12946,62,318
2015,APR,Q2,SINGAPORE AIRLINES,Albany,Washington,75548,78103,66,318
2015,APR,Q2,SRILNKAN AIRWAYS,Albany,Washington,38925,39994,59,318
2015,APR,Q2,SWISS AIR,Albany,Washington,4805,5782,62,318
2015,APR,Q2,TAJIK AIR,Albany,Washington,1974,2277,63,318
2015,APR,Q2,THAI AIR ASIA,Albany,Washington,8226,10602,59,318
2015,APR,Q2,THAI AIRWAYS,Albany,Washington,1472,7804,66,318
2015,APR,Q2,THOMAS COOK AIRLINES U.K.,Albany,Washington,0,0,61,318
2015,APR,Q2,TIGER AIRWAYS,Albany,Washington,2890,2427,61,318
2015,APR,Q2,TRANSAERO AIRLINES,Albany,Washington,11730,10498,71,318
2015,APR,Q2,TURKISH AIRLINES,Albany,Washington,1874,3308,68,318
2015,APR,Q2,TURKMENISTAN AIRLINES,Albany,Washington,3709,3875,59,318
2015,APR,Q2,UNITED AIRLINES,Albany,Washington,6874,6663,64,318
2015,APR,Q2,UNITED AIRLINES BANGLADESH LTD.,Albany,Washington,11206,12130,63,318
2015,APR,Q2,UNITED PARCEL SERVICES,Albany,Washington,11480,12780,87,318
2015,APR,Q2,UZBEKISTAN AIRWAYS,Albany,Washington,14994,16733,68,318
2015,APR,Q2,VIRGIN ATLANTIC AIRLINES,Albany,Washington,16942,17589,61,318
2015,APR,Q2,YEMENIA AIRWAYS,Albany,Washington,17276,20518,63,318
2015,APR,Q2,AIR INDIA,Albany,Washington,23205,22673,61,318
2015,APR,Q2,AIR INDIA EXPRESS,Albany,Washington,36726,35896,86,318
2015,APR,Q2,INDIGO,Albany,Washington,41001,36408,61,318
2015,APR,Q2,JET AIRWAYS,Albany,Washington,65879,74311,58,318
2015,APR,Q2,SPICEJET,Albany,Washington,3195,1440,69,318
2015,APR,Q2,AEROFLOT,Albany,Washington,42462,45981,58,318
2015,APR,Q2,AEROLOGIC,Albany,Washington,10653,8475,68,318
2015,APR,Q2,AIR ARABIA,Albany,Washington,64787,62712,63,318
2015,APR,Q2,AIR ASIA BERHAD,Albany,Washington,11801,11357,61,318
2015,APR,Q2,AIR ASTANA,Albuquerque,Atlanta ,46308,53001,64,1269
2015,APR,Q2,AIR AUSTRAL,Albuquerque,Atlanta ,14160,11219,64,1269
2015,APR,Q2,AIR CANADA,Albuquerque,Atlanta ,16622,18973,117,1269
2015,APR,Q2,AIR CHINA,Albuquerque,Atlanta ,90657,92011,116,1269
2015,APR,Q2,AIR FRANCE,Albuquerque,Atlanta ,11463,11207,115,1269
2015,APR,Q2,AIR MANAS,Albuquerque,Atlanta ,29792,32022,129,1269
2015,APR,Q2,AIR MAURITIUS,Albuquerque,Atlanta ,11556,10156,109,1269
2015,APR,Q2,AIR SEYCHELLES,Albuquerque,Atlanta ,0,200,105,1269
2015,APR,Q2,ALL NIPPON AIRWAYS,Albuquerque,Atlanta ,1653,2466,115,1269
2015,APR,Q2,ARIANA AFGHAN,Albuquerque,Atlanta ,6958,6702,116,1269
2015,APR,Q2,ASIANA AIRLINES,Albuquerque,Atlanta ,1490,1227,103,1269
2015,APR,Q2,AUSTRIAN AIRLINES,Albuquerque,Atlanta ,32142,30197,107,1269
2015,APR,Q2,BANGKOK AIRWAYS,Albuquerque,Atlanta ,9219,6469,111,1269
2015,APR,Q2,BHUTAN AIRLINES,Albuquerque,Atlanta ,2928,2699,118,1269
2015,APR,Q2,BIMAN BANGLADESH,Albuquerque,Atlanta ,0,377,113,1269
2015,APR,Q2,BRITISH AIRWAYS,Albuquerque,Atlanta ,0,0,108,1269
2015,APR,Q2,BUDHHA AIR,Albuquerque,Atlanta ,15880,14021,110,1269
2015,APR,Q2,CATHAY PACIFIC,Albuquerque,Atlanta ,34782,28651,111,1269
2015,APR,Q2,CHINA AIRLINES LTD,Albuquerque,Atlanta ,10853,10539,115,1269
2015,APR,Q2,CHINA EASTERN AIRLINES,Albuquerque,Atlanta ,14953,13314,108,1269
2015,APR,Q2,CHINA SOUTHERN ,Albuquerque,Atlanta ,5675,6792,132,1269
2015,APR,Q2,DRAGON AIR,Albuquerque,Atlanta ,2178,2868,122,1269
2015,APR,Q2,DRUK AIR,Albuquerque,Atlanta ,37649,36521,122,1269
2015,APR,Q2,EGYPT AIR,Albuquerque,Atlanta ,13018,9994,141,1269
2015,APR,Q2,EL-AL-ISRAEL,Albuquerque,Atlanta ,1692,0,123,1269
2015,APR,Q2,EMIRATES AIRLINE,Albuquerque,Atlanta ,24729,26432,114,1269
2015,APR,Q2,ETHIOPIAN AIRLINES,Albuquerque,Austin,18666,20222,56,619
2015,APR,Q2,ETIHAD AIRLINES,Albuquerque,Austin,88696,92432,53,619
2015,APR,Q2,EVA AIRWAYS,Albuquerque,Austin,6464,4191,56,619
2015,APR,Q2,FEDERAL EXPRESS,Albuquerque,Austin,15908,16249,57,619
2015,APR,Q2,FINN AIR,Albuquerque,Austin,75625,72921,53,619
2015,APR,Q2,FLY DUBAI,Albuquerque,Austin,82041,83667,52,619
2015,APR,Q2,GULF AIR,Albuquerque,Austin,1203,3871,53,619
2015,APR,Q2,IRAN AIR,Albuquerque,Austin,7287,6554,54,619
2015,APR,Q2,IRAQI AIRWAYS,Albuquerque,Austin,12742,8802,61,619
2015,APR,Q2,ISLAND AVIATION SERVICES,Albuquerque,Austin,2338,2003,62,619
2015,APR,Q2,JAPAN AIRLINES,Albuquerque,Austin,11783,8897,56,619
2015,APR,Q2,KALITTA AIR,Albuquerque,Baltimore,12546,11968,57,1670
2015,APR,Q2,KAM AIR,Albuquerque,Baltimore,3785,3927,56,1670
2015,APR,Q2,KENYA AIRWAYS,Albuquerque,Baltimore,21216,15756,61,1670
2015,APR,Q2,KLM AIRLINES,Albuquerque,Baltimore,5871,4992,59,1670
2015,APR,Q2,KOREAN AIR,Albuquerque,Baltimore,10570,11095,62,1670
2015,APR,Q2,KUWAIT AIRWAYS,Albuquerque,Baltimore,228,217,52,1670
2015,APR,Q2,LUFTHANSA,Albuquerque,Baltimore,0,0,50,1670
2015,APR,Q2,MAHAN AIR,Albuquerque,Baltimore,20081,18665,53,1670
2015,APR,Q2,MALAYSIA AIRLINES,Albuquerque,Baltimore,80981,87831,63,1670
2015,APR,Q2,MALINDO AIRWAYS,Albuquerque,Baltimore,23037,26252,64,1670
2015,APR,Q2,MIHIN LANKA,Albuquerque,Baltimore,2191,2493,56,1670
2015,APR,Q2,MYANMAR AIRLINES,Albuquerque,Baltimore,20702,18800,53,1670
2015,APR,Q2,NEPAL AIRLINES CORPORATION,Albuquerque,Baltimore,4683,5269,62,1670
2015,APR,Q2,OMAN AIR,Albuquerque,Baltimore,18360,19175,73,1670
2015,APR,Q2,PAK INTERNATIONAL,Albuquerque,Baltimore,36243,36841,63,1670
2015,APR,Q2,QATAR AIRWAYS,Albuquerque,Baltimore,20579,23878,49,1670
2015,APR,Q2,REGENT AIRWAYS,Albuquerque,Baltimore,12716,9104,51,1670
2015,APR,Q2,SAFI AIRWAYS,Albuquerque,Baltimore,1301,2027,56,1670
2015,APR,Q2,SAUDIA,Albuquerque,Chicago,1137,833,52,1118
2015,APR,Q2,SCAT AIRLINES,Albuquerque,Chicago,1358,1132,57,1118
2015,APR,Q2,SHANDONG AIRLINES,Albuquerque,Chicago,28674,25062,51,1118
2015,APR,Q2,SILK AIR,Albuquerque,Chicago,1964,1941,46,1118
2015,APR,Q2,SINGAPORE AIRLINES,Albuquerque,Chicago,12436,13428,49,1118
2015,APR,Q2,SRILNKAN AIRWAYS,Albuquerque,Chicago,17315,19128,61,1118
2015,APR,Q2,SWISS AIR,Albuquerque,Chicago,6238,7117,59,1118
2015,APR,Q2,TAJIK AIR,Albuquerque,Chicago,13197,14206,57,1118
2015,APR,Q2,THAI AIR ASIA,Albuquerque,Chicago,13013,13547,52,1118
2015,APR,Q2,THAI AIRWAYS,Albuquerque,Chicago,2073,2202,52,1118
2015,APR,Q2,THOMAS COOK AIRLINES U.K.,Albuquerque,Chicago,10222,9985,64,1118
2015,APR,Q2,TIGER AIRWAYS,Albuquerque,Chicago,48161,53488,55,1118
2015,APR,Q2,TRANSAERO AIRLINES,Albuquerque,Chicago,11021,10176,57,1118
2015,APR,Q2,TURKISH AIRLINES,Albuquerque,Chicago,19332,15336,57,1118
2015,APR,Q2,TURKMENISTAN AIRLINES,Albuquerque,Chicago,20716,16696,56,1118
2015,APR,Q2,UNITED AIRLINES,Albuquerque,Chicago,33462,30032,64,1118
2015,APR,Q2,UNITED AIRLINES BANGLADESH LTD.,Albuquerque,Chicago,36892,35748,58,1118
2015,APR,Q2,UNITED PARCEL SERVICES,Albuquerque,Chicago,74453,64542,54,1118
2015,APR,Q2,UZBEKISTAN AIRWAYS,Albuquerque,Chicago,19651,15648,53,1118
2015,MAY,Q2,VIRGIN ATLANTIC AIRLINES,Albuquerque,Chicago,20805,19195,61,1118
2015,MAY,Q2,YEMENIA AIRWAYS,Albuquerque,Chicago,60482,59199,52,1118
2015,MAY,Q2,AIR INDIA,Albuquerque,Chicago,19588,17082,57,1118
2015,MAY,Q2,AIR INDIA EXPRESS,Albuquerque,Chicago,36052,42557,50,1118
2015,MAY,Q2,INDIGO,Albuquerque,Chicago,2654,3453,53,1118
2015,MAY,Q2,JET AIRWAYS,Albuquerque,Chicago,58002,57799,48,1118
2015,MAY,Q2,SPICEJET,Albuquerque,Chicago,23639,24100,64,1118
2015,MAY,Q2,AEROFLOT,Albuquerque,Chicago,36167,9564,55,1118
2015,MAY,Q2,AEROLOGIC,Albuquerque,Chicago,8399,8284,57,1118
2015,MAY,Q2,AIR ARABIA,Albuquerque,Chicago,52344,44551,51,1118
2015,MAY,Q2,AIR ASIA BERHAD,Albuquerque,Chicago,22376,22010,51,1118
2015,MAY,Q2,AIR ASTANA,Albuquerque,Chicago,96950,86784,52,1118
2015,MAY,Q2,AIR AUSTRAL,Albuquerque,Chicago,103207,100227,57,1118
2015,MAY,Q2,AIR CANADA,Albuquerque,Chicago,234471,213582,56,1118
2015,MAY,Q2,AIR CHINA,Albuquerque,Chicago,6106,4738,129,1118
2015,MAY,Q2,AIR FRANCE,Albuquerque,Chicago,121202,113613,127,1118
2015,MAY,Q2,AIR MANAS,Albuquerque,Chicago,7508,7914,112,1118
2015,MAY,Q2,AIR MAURITIUS,Albuquerque,Chicago,118952,126616,119,1118
2015,MAY,Q2,AIR SEYCHELLES,Albuquerque,Chicago,42713,37970,113,1118
2015,MAY,Q2,ALL NIPPON AIRWAYS,Albuquerque,Dallas,50944,51218,117,580
2015,MAY,Q2,ARIANA AFGHAN,Albuquerque,Dallas,21268,20229,122,580
2015,MAY,Q2,ASIANA AIRLINES,Albuquerque,Dallas,13824,15480,148,580
2015,MAY,Q2,AUSTRIAN AIRLINES,Albuquerque,Dallas,42272,44164,140,580
2015,MAY,Q2,BANGKOK AIRWAYS,Albuquerque,Dallas,280290,280061,128,580
2015,MAY,Q2,BHUTAN AIRLINES,Albuquerque,Dallas,16004,18638,47,580
2015,MAY,Q2,BIMAN BANGLADESH,Albuquerque,Dallas,14375,14804,45,580
2015,MAY,Q2,BRITISH AIRWAYS,Albuquerque,Dallas,61856,67318,66,580
2015,MAY,Q2,BUDHHA AIR,Albuquerque,Dallas,4371,3912,53,580
2015,MAY,Q2,CATHAY PACIFIC,Albuquerque,Dallas,558,384,48,580
2015,MAY,Q2,CHINA AIRLINES LTD,Albuquerque,Dallas,24459,19780,43,580
2015,MAY,Q2,CHINA EASTERN AIRLINES,Albuquerque,Dallas,16624,13284,42,580
2015,MAY,Q2,CHINA SOUTHERN ,Albuquerque,Dallas,54503,40084,45,580
2015,MAY,Q2,DRAGON AIR,Albuquerque,Dallas,24393,17942,45,580
2015,MAY,Q2,DRUK AIR,Albuquerque,Dallas,2789,2228,47,580
2015,MAY,Q2,EGYPT AIR,Albuquerque,Dallas,26550,26299,50,580
2015,MAY,Q2,EL-AL-ISRAEL,Albuquerque,Dallas,879,2065,52,580
2015,MAY,Q2,EMIRATES AIRLINE,Albuquerque,Dallas,13101,10225,48,580
2015,MAY,Q2,ETHIOPIAN AIRLINES,Albuquerque,Dallas,2267,1643,46,580
2015,MAY,Q2,ETIHAD AIRLINES,Albuquerque,Dallas,24255,21798,56,580
2015,MAY,Q2,EVA AIRWAYS,Albuquerque,Dallas,18038,16060,58,580
2015,MAY,Q2,FEDERAL EXPRESS,Albuquerque,Dallas,68904,74617,50,580
2015,MAY,Q2,FINN AIR,Albuquerque,Dallas,11076,10294,49,580
2015,MAY,Q2,FLY DUBAI,Albuquerque,Dallas,10420,9738,45,569
2015,MAY,Q2,GULF AIR,Albuquerque,Denver,57225,55228,45,349
2015,MAY,Q2,IRAN AIR,Albuquerque,Denver,17190,15509,49,349
2015,MAY,Q2,IRAQI AIRWAYS,Albuquerque,Denver,19677,16128,47,349
2015,MAY,Q2,ISLAND AVIATION SERVICES,Albuquerque,Denver,4835,5935,45,349
2015,MAY,Q2,JAPAN AIRLINES,Albuquerque,Denver,7089,6997,48,349
2015,MAY,Q2,KALITTA AIR,Albuquerque,Denver,27780,23436,48,349
2015,MAY,Q2,KAM AIR,Albuquerque,Denver,15492,17797,44,349
2015,MAY,Q2,KENYA AIRWAYS,Albuquerque,Denver,37898,40206,43,349
2015,MAY,Q2,KLM AIRLINES,Albuquerque,Denver,13541,14891,52,349
2015,MAY,Q2,KOREAN AIR,Albuquerque,Denver,47010,43640,49,349
2015,MAY,Q2,KUWAIT AIRWAYS,Albuquerque,Denver,23905,18413,49,349
2015,MAY,Q2,LUFTHANSA,Albuquerque,Denver,385,299,50,349
2015,MAY,Q2,MAHAN AIR,Albuquerque,Denver,955,1544,39,349
2015,MAY,Q2,MALAYSIA AIRLINES,Albuquerque,Denver,1943,2650,41,349
2015,MAY,Q2,MALINDO AIRWAYS,Albuquerque,Denver,0,0,35,349
2015,MAY,Q2,MIHIN LANKA,Albuquerque,Denver,82439,73609,39,349
2015,MAY,Q2,MYANMAR AIRLINES,Albuquerque,Denver,4873,4842,40,349
2015,MAY,Q2,NEPAL AIRLINES CORPORATION,Albuquerque,Denver,12641,10363,33,349
2015,MAY,Q2,OMAN AIR,Albuquerque,Denver,101,10,34,349
2015,MAY,Q2,PAK INTERNATIONAL,Albuquerque,Denver,3684,2804,31,349
2015,MAY,Q2,QATAR AIRWAYS,Albuquerque,Denver,21236,19316,45,349
2015,MAY,Q2,REGENT AIRWAYS,Albuquerque,Denver,22569,23797,39,349
2015,MAY,Q2,SAFI AIRWAYS,Albuquerque,Denver,43175,39896,38,349
2015,MAY,Q2,SAUDIA,Albuquerque,Houston,0,0,36,759
2015,MAY,Q2,SCAT AIRLINES,Albuquerque,Houston,24489,21913,40,759
2015,MAY,Q2,SHANDONG AIRLINES,Albuquerque,Houston,30551,24638,34,759
2015,MAY,Q2,SILK AIR,Albuquerque,Houston,9948,9108,36,759
2015,MAY,Q2,SINGAPORE AIRLINES,Albuquerque,Houston,35455,31948,37,759
2015,MAY,Q2,SRILNKAN AIRWAYS,Albuquerque,Houston,55297,52148,39,759
2015,MAY,Q2,SWISS AIR,Albuquerque,Houston,5745,3965,38,759
2015,MAY,Q2,TAJIK AIR,Albuquerque,Houston,6502,6083,37,759
2015,MAY,Q2,THAI AIR ASIA,Albuquerque,Houston,1569,1412,46,759
2015,MAY,Q2,THAI AIRWAYS,Albuquerque,Houston,9095,9219,43,759
2015,MAY,Q2,THOMAS COOK AIRLINES U.K.,Albuquerque,Houston,6343,4609,45,759
2015,MAY,Q2,TIGER AIRWAYS,Albuquerque,Houston,3400,3367,38,759
2015,MAY,Q2,TRANSAERO AIRLINES,Albuquerque,Houston,11262,11101,36,759
2015,MAY,Q2,TURKISH AIRLINES,Albuquerque,Houston,12183,12413,39,759
2015,MAY,Q2,TURKMENISTAN AIRLINES,Albuquerque,Houston,2748,1814,43,759
2015,MAY,Q2,UNITED AIRLINES,Albuquerque,Houston,2349,1787,38,759
2015,MAY,Q2,UNITED AIRLINES BANGLADESH LTD.,Albuquerque,Houston,17821,16722,42,759
2015,MAY,Q2,UNITED PARCEL SERVICES,Albuquerque,Houston,6211,6604,38,759
2015,MAY,Q2,UZBEKISTAN AIRWAYS,Albuquerque,Houston,3542,2892,34,759
2015,MAY,Q2,VIRGIN ATLANTIC AIRLINES,Albuquerque,Houston,45132,47037,42,759
2015,MAY,Q2,YEMENIA AIRWAYS,Albuquerque,Houston,7042,7285,37,759
2015,MAY,Q2,AIR INDIA,Albuquerque,Houston,580,1480,38,759
2015,MAY,Q2,AIR INDIA EXPRESS,Albuquerque,Houston,0,0,42,759
2015,MAY,Q2,INDIGO,Albuquerque,Houston,795,748,44,759
2015,MAY,Q2,JET AIRWAYS,Albuquerque,Houston,0,798,36,759
2015,MAY,Q2,SPICEJET,Albuquerque,Houston,13234,12993,39,759
2015,MAY,Q2,AEROFLOT,Albuquerque,Houston,10925,8786,33,759
2015,MAY,Q2,AEROLOGIC,Albuquerque,Houston,135142,98039,36,759
2015,MAY,Q2,AIR ARABIA,Albuquerque,Kansas City,4826,3509,41,718
2015,MAY,Q2,AIR ASIA X,Albuquerque,Kansas City,11659,9796,36,718
2015,MAY,Q2,AIR ASIA BERHAD,Albuquerque,Kansas City,110355,81090,37,718
2015,MAY,Q2,AIR ASTANA,Albuquerque,Kansas City,11308,11823,39,718
2015,MAY,Q2,AIR AUSTRAL,Albuquerque,Kansas City,2366,2825,38,718
,,,,,,,,,718
,,,,,,,,,718
,,,,,,,,,718
,,,,,,,,,718
,,,,,,,,,718
,,,,,,,,,718
,,,,,,,,,718
,,,,,,,,,718
,,,,,,,,,718
,,,,,,,,,718
,,,,,,,,,718
,,,,,,,,,718
,,,,,,,,,486
,,,,,,,,,486
,,,,,,,,,486
,,,,,,,,,486
,,,,,,,,,486
,,,,,,,,,486
,,,,,,,,,486
,,,,,,,,,486
,,,,,,,,,486
,,,,,,,,,486
,,,,,,,,,486
,,,,,,,,,486
,,,,,,,,,486
,,,,,,,,,486
,,,,,,,,,486
,,,,,,,,,486
,,,,,,,,,486
,,,,,,,,,486
,,,,,,,,,486
,,,,,,,,,486
,,,,,,,,,486
,,,,,,,,,677
,,,,,,,,,677
,,,,,,,,,677
,,,,,,,,,677
,,,,,,,,,677
,,,,,,,,,677
,,,,,,,,,677
,,,,,,,,,677
,,,,,,,,,677
,,,,,,,,,677
,,,,,,,,,677
,,,,,,,,,677
,,,,,,,,,677
,,,,,,,,,677
,,,,,,,,,677
,,,,,,,,,677
,,,,,,,,,677
,,,,,,,,,677
,,,,,,,,,677
,,,,,,,,,677
,,,,,,,,,677
,,,,,,,,,677
,,,,,,,,,677
,,,,,,,,,677
,,,,,,,,,677
,,,,,,,,,677
,,,,,,,,,677
,,,,,,,,,677
,,,,,,,,,677
,,,,,,,,,677
,,,,,,,,,677
,,,,,,,,,677
,,,,,,,,,677
,,,,,,,,,677
,,,,,,,,,677
,,,,,,,,,677
,,,,,,,,,677
,,,,,,,,,677
,,,,,,,,,677
,,,,,,,,,677
,,,,,,,,,889
,,,,,,,,,889
,,,,,,,,,889
,,,,,,,,,889
,,,,,,,,,889
,,,,,,,,,889
,,,,,,,,,889
,,,,,,,,,889
,,,,,,,,,889
,,,,,,,,,889
,,,,,,,,,889
,,,,,,,,,889
,,,,,,,,,889
,,,,,,,,,889
,,,,,,,,,889
,,,,,,,,,889
,,,,,,,,,889
,,,,,,,,,889
,,,,,,,,,889
,,,,,,,,,889
,,,,,,,,,889
,,,,,,,,,889
,,,,,,,,,889
,,,,,,,,,889
,,,,,,,,,889
,,,,,,,,,889
,,,,,,,,,1553
,,,,,,,,,1553
,,,,,,,,,1553
,,,,,,,,,1553
,,,,,,,,,1553
,,,,,,,,,1553
,,,,,,,,,1553
,,,,,,,,,1553
,,,,,,,,,1553
,,,,,,,,,1553
,,,,,,,,,1553
,,,,,,,,,1553
,,,,,,,,,1553
,,,,,,,,,1553
,,,,,,,,,328
,,,,,,,,,328
,,,,,,,,,328
,,,,,,,,,328
,,,,,,,,,328
,,,,,,,,,328
,,,,,,,,,328
,,,,,,,,,328
,,,,,,,,,328
,,,,,,,,,328
,,,,,,,,,328
,,,,,,,,,328
,,,,,,,,,328
,,,,,,,,,328
,,,,,,,,,328
,,,,,,,,,328
,,,,,,,,,328
,,,,,,,,,328
,,,,,,,,,328
,,,,,,,,,328
,,,,,,,,,328
,,,,,,,,,328
,,,,,,,,,328
,,,,,,,,,328
,,,,,,,,,328
,,,,,,,,,328
,,,,,,,,,328
,,,,,,,,,328
,,,,,,,,,493
,,,,,,,,,493
,,,,,,,,,493
,,,,,,,,,493
,,,,,,,,,493
,,,,,,,,,493
,,,,,,,,,493
,,,,,,,,,493
,,,,,,,,,493
,,,,,,,,,493
,,,,,,,,,493
,,,,,,,,,493
,,,,,,,,,493
,,,,,,,,,493
,,,,,,,,,493
,,,,,,,,,493
,,,,,,,,,493
,,,,,,,,,628
,,,,,,,,,628
,,,,,,,,,628
,,,,,,,,,628
,,,,,,,,,628
,,,,,,,,,628
,,,,,,,,,628
,,,,,,,,,628
,,,,,,,,,628
,,,,,,,,,628
,,,,,,,,,628
,,,,,,,,,628
,,,,,,,,,628
,,,,,,,,,628
,,,,,,,,,628
,,,,,,,,,628
,,,,,,,,,628
,,,,,,,,,628
,,,,,,,,,628
,,,,,,,,,628
,,,,,,,,,628
,,,,,,,,,628
,,,,,,,,,628
,,,,,,,,,628
,,,,,,,,,628
,,,,,,,,,628
,,,,,,,,,628
,,,,,,,,,628
,,,,,,,,,628
,,,,,,,,,628
,,,,,,,,,628
,,,,,,,,,628
,,,,,,,,,628
,,,,,,,,,628
,,,,,,,,,628
,,,,,,,,,628
,,,,,,,,,628
,,,,,,,,,628
,,,,,,,,,628
,,,,,,,,,628
,,,,,,,,,628
,,,,,,,,,628
,,,,,,,,,628
,,,,,,,,,628
,,,,,,,,,628
,,,,,,,,,628
,,,,,,,,,628
,,,,,,,,,628
,,,,,,,,,628
,,,,,,,,,628
,,,,,,,,,628
,,,,,,,,,628
,,,,,,,,,628
,,,,,,,,,628
,,,,,,,,,628
,,,,,,,,,870
,,,,,,,,,870
,,,,,,,,,870
,,,,,,,,,870
,,,,,,,,,870
,,,,,,,,,1180
,,,,,,,,,1180
,,,,,,,,,1180
,,,,,,,,,1180
,,,,,,,,,1180
,,,,,,,,,1180
,,,,,,,,,1180
,,,,,,,,,1180
,,,,,,,,,1180
,,,,,,,,,1180
,,,,,,,,,1180
,,,,,,,,,1180
,,,,,,,,,1180
,,,,,,,,,1180
,,,,,,,,,1180
,,,,,,,,,1180
,,,,,,,,,1180
,,,,,,,,,1180
,,,,,,,,,1180
,,,,,,,,,1180
,,,,,,,,,1180
,,,,,,,,,1180
,,,,,,,,,1180
,,,,,,,,,500
,,,,,,,,,500
,,,,,,,,,500
,,,,,,,,,500
,,,,,,,,,500
,,,,,,,,,500
,,,,,,,,,500
,,,,,,,,,500
,,,,,,,,,500
,,,,,,,,,500
,,,,,,,,,500
,,,,,,,,,500
,,,,,,,,,500
,,,,,,,,,500
,,,,,,,,,500
,,,,,,,,,500
,,,,,,,,,500
,,,,,,,,,500
,,,,,,,,,500
,,,,,,,,,500
,,,,,,,,,500
,,,,,,,,,500
,,,,,,,,,285
,,,,,,,,,285
,,,,,,,,,285
,,,,,,,,,285
,,,,,,,,,285
,,,,,,,,,285
,,,,,,,,,285
,,,,,,,,,285
,,,,,,,,,285
,,,,,,,,,285
,,,,,,,,,285
,,,,,,,,,285
,,,,,,,,,285
,,,,,,,,,285
,,,,,,,,,285
,,,,,,,,,285
,,,,,,,,,285
,,,,,,,,,285
,,,,,,,,,285
,,,,,,,,,285
,,,,,,,,,285
,,,,,,,,,285
,,,,,,,,,285
,,,,,,,,,285
,,,,,,,,,285
,,,,,,,,,285
,,,,,,,,,285
,,,,,,,,,285
,,,,,,,,,285
,,,,,,,,,285
,,,,,,,,,285
,,,,,,,,,285
,,,,,,,,,285
,,,,,,,,,285
,,,,,,,,,285
,,,,,,,,,285
,,,,,,,,,285
,,,,,,,,,285
,,,,,,,,,285
,,,,,,,,,285
,,,,,,,,,285
,,,,,,,,,285
,,,,,,,,,285
,,,,,,,,,285
,,,,,,,,,285
,,,,,,,,,285
,,,,,,,,,285
,,,,,,,,,285
,,,,,,,,,285
,,,,,,,,,285
,,,,,,,,,285
,,,,,,,,,285
,,,,,,,,,285
,,,,,,,,,285
,,,,,,,,,285
,,,,,,,,,285
,,,,,,,,,285
,,,,,,,,,285
,,,,,,,,,285
,,,,,,,,,285
,,,,,,,,,285
,,,,,,,,,285
,,,,,,,,,285
,,,,,,,,,285
,,,,,,,,,285
,,,,,,,,,285
,,,,,,,,,285
,,,,,,,,,285
,,,,,,,,,285
,,,,,,,,,285
,,,,,,,,,285
,,,,,,,,,285
,,,,,,,,,285
,,,,,,,,,285
,,,,,,,,,285
,,,,,,,,,285
,,,,,,,,,285
,,,,,,,,,285
,,,,,,,,,285
,,,,,,,,,285
,,,,,,,,,285
,,,,,,,,,285
,,,,,,,,,285
,,,,,,,,,285
,,,,,,,,,285
,,,,,,,,,285
,,,,,,,,,285
,,,,,,,,,285
,,,,,,,,,190
,,,,,,,,,190
,,,,,,,,,190
,,,,,,,,,190
,,,,,,,,,190
,,,,,,,,,190
,,,,,,,,,190
,,,,,,,,,190
,,,,,,,,,190
,,,,,,,,,190
,,,,,,,,,190
,,,,,,,,,190
,,,,,,,,,190
,,,,,,,,,190
,,,,,,,,,190
,,,,,,,,,190
,,,,,,,,,692
,,,,,,,,,692
,,,,,,,,,692
,,,,,,,,,692
,,,,,,,,,692
,,,,,,,,,692
,,,,,,,,,692
,,,,,,,,,692
,,,,,,,,,692
,,,,,,,,,692
,,,,,,,,,692
,,,,,,,,,692
,,,,,,,,,692
,,,,,,,,,692
,,,,,,,,,692
,,,,,,,,,692
,,,,,,,,,692
,,,,,,,,,692
,,,,,,,,,692
,,,,,,,,,692
,,,,,,,,,692
,,,,,,,,,692
,,,,,,,,,692
,,,,,,,,,692
,,,,,,,,,692
,,,,,,,,,692
,,,,,,,,,692
,,,,,,,,,692
,,,,,,,,,692
,,,,,,,,,692
,,,,,,,,,692
,,,,,,,,,692
,,,,,,,,,692
,,,,,,,,,692
,,,,,,,,,692
,,,,,,,,,692
,,,,,,,,,692
,,,,,,,,,692
,,,,,,,,,692
,,,,,,,,,692
,,,,,,,,,692
,,,,,,,,,692
,,,,,,,,,562
,,,,,,,,,562
,,,,,,,,,562
,,,,,,,,,562
,,,,,,,,,562
,,,,,,,,,562
,,,,,,,,,562
,,,,,,,,,562
,,,,,,,,,562
,,,,,,,,,562
,,,,,,,,,562
,,,,,,,,,562
,,,,,,,,,562
,,,,,,,,,562
,,,,,,,,,562
,,,,,,,,,562
,,,,,,,,,562
,,,,,,,,,562
,,,,,,,,,562
,,,,,,,,,562
,,,,,,,,,1618
,,,,,,,,,1618
,,,,,,,,,1618
,,,,,,,,,1618
,,,,,,,,,1618
,,,,,,,,,1618
,,,,,,,,,1618
,,,,,,,,,1618
,,,,,,,,,1618
,,,,,,,,,1618
,,,,,,,,,1618
,,,,,,,,,1618
,,,,,,,,,1618
,,,,,,,,,1618
,,,,,,,,,1618
,,,,,,,,,1618
,,,,,,,,,1618
,,,,,,,,,1618
,,,,,,,,,1618
,,,,,,,,,1618
,,,,,,,,,661
,,,,,,,,,661
,,,,,,,,,661
,,,,,,,,,661
,,,,,,,,,661
,,,,,,,,,661
,,,,,,,,,661
,,,,,,,,,661
,,,,,,,,,661
,,,,,,,,,661
,,,,,,,,,661
,,,,,,,,,661
,,,,,,,,,661
,,,,,,,,,661
,,,,,,,,,661
,,,,,,,,,661
,,,,,,,,,661
,,,,,,,,,661
,,,,,,,,,661
,,,,,,,,,661
,,,,,,,,,661
,,,,,,,,,661
,,,,,,,,,661
,,,,,,,,,661
,,,,,,,,,661
,,,,,,,,,661
,,,,,,,,,661
,,,,,,,,,661
,,,,,,,,,661
,,,,,,,,,661
,,,,,,,,,661
,,,,,,,,,661
,,,,,,,,,661
,,,,,,,,,661
,,,,,,,,,661
,,,,,,,,,661
,,,,,,,,,661
,,,,,,,,,661
,,,,,,,,,661
,,,,,,,,,661
,,,,,,,,,661
,,,,,,,,,661
,,,,,,,,,661
,,,,,,,,,661
,,,,,,,,,661
,,,,,,,,,661
,,,,,,,,,661
,,,,,,,,,661
,,,,,,,,,661
,,,,,,,,,661
,,,,,,,,,661
,,,,,,,,,661
,,,,,,,,,661
,,,,,,,,,661
,,,,,,,,,661
,,,,,,,,,661
,,,,,,,,,661
,,,,,,,,,661
,,,,,,,,,661
,,,,,,,,,866
,,,,,,,,,866
,,,,,,,,,866
,,,,,,,,,866
,,,,,,,,,866
,,,,,,,,,866
,,,,,,,,,866
,,,,,,,,,866
,,,,,,,,,866
,,,,,,,,,866
,,,,,,,,,1121
,,,,,,,,,1121
,,,,,,,,,1121
,,,,,,,,,1121
,,,,,,,,,1121
,,,,,,,,,1121
,,,,,,,,,1121
,,,,,,,,,1121
,,,,,,,,,1121
,,,,,,,,,1121
,,,,,,,,,1121
,,,,,,,,,1121
,,,,,,,,,1121
,,,,,,,,,1121
,,,,,,,,,1121
,,,,,,,,,1121
,,,,,,,,,1121
,,,,,,,,,1121
,,,,,,,,,1121
,,,,,,,,,1121
,,,,,,,,,1121
,,,,,,,,,1121
,,,,,,,,,1121
,,,,,,,,,1121
,,,,,,,,,1121
,,,,,,,,,1121
,,,,,,,,,1121
,,,,,,,,,1121
,,,,,,,,,1121
,,,,,,,,,1121
,,,,,,,,,1121
,,,,,,,,,1121
,,,,,,,,,1121
,,,,,,,,,1121
,,,,,,,,,1121
,,,,,,,,,1121
,,,,,,,,,1121
,,,,,,,,,1121
,,,,,,,,,1121
,,,,,,,,,1121
,,,,,,,,,1121
,,,,,,,,,1121
,,,,,,,,,1121
,,,,,,,,,1121
,,,,,,,,,1121
,,,,,,,,,1121
,,,,,,,,,1121
,,,,,,,,,1121
,,,,,,,,,1121
,,,,,,,,,1121
,,,,,,,,,1121
,,,,,,,,,1121
,,,,,,,,,1121
,,,,,,,,,1121
,,,,,,,,,1121
,,,,,,,,,1121
,,,,,,,,,1121
,,,,,,,,,1121
,,,,,,,,,1121
,,,,,,,,,1121
,,,,,,,,,1121
,,,,,,,,,1121
,,,,,,,,,1121
,,,,,,,,,1121
,,,,,,,,,1121
,,,,,,,,,1121
,,,,,,,,,1121
,,,,,,,,,1121
,,,,,,,,,1121
,,,,,,,,,1121
,,,,,,,,,1121
,,,,,,,,,1121
,,,,,,,,,1121
,,,,,,,,,1121
,,,,,,,,,1121
,,,,,,,,,1121
,,,,,,,,,1121
,,,,,,,,,1121
,,,,,,,,,1121
,,,,,,,,,1121
,,,,,,,,,1121
,,,,,,,,,1121
,,,,,,,,,1121
,,,,,,,,,1121
,,,,,,,,,1121
,,,,,,,,,1121
,,,,,,,,,1121
,,,,,,,,,1121
,,,,,,,,,1121
,,,,,,,,,1121
,,,,,,,,,1121
,,,,,,,,,1121
,,,,,,,,,1121
,,,,,,,,,1121
,,,,,,,,,1121
,,,,,,,,,1121
,,,,,,,,,1121
,,,,,,,,,1121
,,,,,,,,,1121
,,,,,,,,,1121
,,,,,,,,,1121
,,,,,,,,,1121
,,,,,,,,,1121
,,,,,,,,,1121
,,,,,,,,,1121
,,,,,,,,,1121
,,,,,,,,,1121
,,,,,,,,,1121
,,,,,,,,,1121
,,,,,,,,,1121
,,,,,,,,,1121
,,,,,,,,,1121
,,,,,,,,,1121
,,,,,,,,,1121
,,,,,,,,,1121
,,,,,,,,,1121
,,,,,,,,,1121
,,,,,,,,,1121
,,,,,,,,,1121
,,,,,,,,,1121
,,,,,,,,,1121
,,,,,,,,,1121
,,,,,,,,,1121
,,,,,,,,,1121
,,,,,,,,,1121
,,,,,,,,,1121
,,,,,,,,,1121
,,,,,,,,,1121
,,,,,,,,,1121
,,,,,,,,,1121
,,,,,,,,,1121
,,,,,,,,,1121
,,,,,,,,,1121
,,,,,,,,,1121
,,,,,,,,,1121
,,,,,,,,,1121
,,,,,,,,,1121
,,,,,,,,,1121
,,,,,,,,,1121
,,,,,,,,,1121
,,,,,,,,,1121
,,,,,,,,,1121
,,,,,,,,,1121
,,,,,,,,,1121
,,,,,,,,,1121
,,,,,,,,,1121
,,,,,,,,,1121
,,,,,,,,,1121
,,,,,,,,,1121
,,,,,,,,,1121
,,,,,,,,,1121
,,,,,,,,,1121
,,,,,,,,,1121
,,,,,,,,,1121
,,,,,,,,,1121
,,,,,,,,,1121
,,,,,,,,,1121
,,,,,,,,,1121
,,,,,,,,,1121
,,,,,,,,,1121
,,,,,,,,,168
,,,,,,,,,168
,,,,,,,,,168
,,,,,,,,,168
,,,,,,,,,168
,,,,,,,,,168
,,,,,,,,,168
,,,,,,,,,168
,,,,,,,,,168
,,,,,,,,,168
,,,,,,,,,168
,,,,,,,,,168
,,,,,,,,,168
,,,,,,,,,168
,,,,,,,,,168
,,,,,,,,,168
,,,,,,,,,168
,,,,,,,,,168
,,,,,,,,,168
,,,,,,,,,168
,,,,,,,,,168
,,,,,,,,,168
,,,,,,,,,168
,,,,,,,,,168
,,,,,,,,,168
,,,,,,,,,168
,,,,,,,,,168
,,,,,,,,,760
,,,,,,,,,760
,,,,,,,,,760
,,,,,,,,,760
,,,,,,,,,760
,,,,,,,,,760
,,,,,,,,,760
,,,,,,,,,760
,,,,,,,,,760
,,,,,,,,,760
,,,,,,,,,760
,,,,,,,,,760
,,,,,,,,,760
,,,,,,,,,760
,,,,,,,,,760
,,,,,,,,,760
,,,,,,,,,760
,,,,,,,,,760
,,,,,,,,,760
,,,,,,,,,760
,,,,,,,,,760
,,,,,,,,,760
,,,,,,,,,760
,,,,,,,,,760
,,,,,,,,,760
,,,,,,,,,760
,,,,,,,,,760
,,,,,,,,,760
,,,,,,,,,760
,,,,,,,,,760
,,,,,,,,,760
,,,,,,,,,745
,,,,,,,,,745
,,,,,,,,,745
,,,,,,,,,497
,,,,,,,,,497
,,,,,,,,,497
,,,,,,,,,497
,,,,,,,,,497
,,,,,,,,,497
,,,,,,,,,497
,,,,,,,,,497
,,,,,,,,,497
,,,,,,,,,977
,,,,,,,,,977
,,,,,,,,,977
,,,,,,,,,977
,,,,,,,,,977
,,,,,,,,,977
,,,,,,,,,977
,,,,,,,,,977
,,,,,,,,,977
,,,,,,,,,977
,,,,,,,,,977
,,,,,,,,,977
,,,,,,,,,977
,,,,,,,,,977
,,,,,,,,,977
,,,,,,,,,977
,,,,,,,,,977
,,,,,,,,,977
,,,,,,,,,977
,,,,,,,,,977
,,,,,,,,,977
,,,,,,,,,977
,,,,,,,,,977
,,,,,,,,,977
,,,,,,,,,977
,,,,,,,,,977
,,,,,,,,,977
,,,,,,,,,987
,,,,,,,,,987
,,,,,,,,,987
,,,,,,,,,987
,,,,,,,,,987
,,,,,,,,,987
,,,,,,,,,987
,,,,,,,,,987
,,,,,,,,,987
,,,,,,,,,987
,,,,,,,,,987
,,,,,,,,,987
,,,,,,,,,987
,,,,,,,,,987
,,,,,,,,,987
,,,,,,,,,987
,,,,,,,,,470
,,,,,,,,,470
,,,,,,,,,470
,,,,,,,,,470
,,,,,,,,,470
,,,,,,,,,470
,,,,,,,,,470
,,,,,,,,,470
,,,,,,,,,470
,,,,,,,,,470
,,,,,,,,,470
,,,,,,,,,470
,,,,,,,,,470
,,,,,,,,,470
,,,,,,,,,470
,,,,,,,,,470
,,,,,,,,,470
,,,,,,,,,470
,,,,,,,,,470
,,,,,,,,,470
,,,,,,,,,470
,,,,,,,,,470
,,,,,,,,,470
,,,,,,,,,470
,,,,,,,,,470
,,,,,,,,,470
,,,,,,,,,470
,,,,,,,,,470
,,,,,,,,,470
,,,,,,,,,470
,,,,,,,,,470
,,,,,,,,,928
,,,,,,,,,928
,,,,,,,,,928
,,,,,,,,,928
,,,,,,,,,928
,,,,,,,,,928
,,,,,,,,,928
,,,,,,,,,928
,,,,,,,,,928
,,,,,,,,,928
,,,,,,,,,928
,,,,,,,,,928
,,,,,,,,,928
,,,,,,,,,928
,,,,,,,,,928
,,,,,,,,,928
,,,,,,,,,928
,,,,,,,,,928
,,,,,,,,,928
,,,,,,,,,928
,,,,,,,,,928
,,,,,,,,,925
,,,,,,,,,925
,,,,,,,,,925
,,,,,,,,,925
,,,,,,,,,925
,,,,,,,,,925
,,,,,,,,,925
,,,,,,,,,925
,,,,,,,,,925
,,,,,,,,,925
,,,,,,,,,925
,,,,,,,,,925
,,,,,,,,,925
,,,,,,,,,925
,,,,,,,,,925
,,,,,,,,,925
,,,,,,,,,925
,,,,,,,,,925
,,,,,,,,,925
,,,,,,,,,925
,,,,,,,,,925
,,,,,,,,,925
,,,,,,,,,925
,,,,,,,,,925
,,,,,,,,,925
,,,,,,,,,925
,,,,,,,,,925
,,,,,,,,,925
,,,,,,,,,925
,,,,,,,,,925
,,,,,,,,,925
,,,,,,,,,925
,,,,,,,,,925
,,,,,,,,,925
,,,,,,,,,925
,,,,,,,,,925
,,,,,,,,,925
,,,,,,,,,925
,,,,,,,,,925
,,,,,,,,,925
,,,,,,,,,925
,,,,,,,,,925
,,,,,,,,,925
,,,,,,,,,925
,,,,,,,,,925
,,,,,,,,,925
,,,,,,,,,925
,,,,,,,,,925
,,,,,,,,,925
,,,,,,,,,925
,,,,,,,,,925
,,,,,,,,,925
,,,,,,,,,925
,,,,,,,,,925
,,,,,,,,,925
,,,,,,,,,925
,,,,,,,,,925
,,,,,,,,,925
,,,,,,,,,925
,,,,,,,,,925
,,,,,,,,,925
,,,,,,,,,925
,,,,,,,,,928
,,,,,,,,,928
,,,,,,,,,928
,,,,,,,,,928
,,,,,,,,,928
,,,,,,,,,928
,,,,,,,,,928
,,,,,,,,,928
,,,,,,,,,928
,,,,,,,,,928
,,,,,,,,,925
,,,,,,,,,489
,,,,,,,,,489
,,,,,,,,,489
,,,,,,,,,489
,,,,,,,,,489
,,,,,,,,,489
,,,,,,,,,489
,,,,,,,,,489
,,,,,,,,,489
,,,,,,,,,489
,,,,,,,,,489
,,,,,,,,,489
,,,,,,,,,489
,,,,,,,,,489
,,,,,,,,,489
,,,,,,,,,489
,,,,,,,,,489
,,,,,,,,,489
,,,,,,,,,489
,,,,,,,,,489
,,,,,,,,,489
,,,,,,,,,489
,,,,,,,,,489
,,,,,,,,,489
,,,,,,,,,489
,,,,,,,,,489
,,,,,,,,,489
,,,,,,,,,489
,,,,,,,,,489
,,,,,,,,,489
,,,,,,,,,489
,,,,,,,,,489
,,,,,,,,,489
,,,,,,,,,489
,,,,,,,,,489
,,,,,,,,,489
,,,,,,,,,489
,,,,,,,,,489
,,,,,,,,,489
,,,,,,,,,489
,,,,,,,,,489
,,,,,,,,,489
,,,,,,,,,489
,,,,,,,,,489
,,,,,,,,,489
,,,,,,,,,489
,,,,,,,,,489
,,,,,,,,,489
,,,,,,,,,489
,,,,,,,,,489
,,,,,,,,,489
,,,,,,,,,489
,,,,,,,,,489
,,,,,,,,,489
,,,,,,,,,489
,,,,,,,,,489
,,,,,,,,,489
,,,,,,,,,489
,,,,,,,,,489
,,,,,,,,,489
,,,,,,,,,489
,,,,,,,,,489
,,,,,,,,,489
,,,,,,,,,489
,,,,,,,,,489
,,,,,,,,,489
,,,,,,,,,489
,,,,,,,,,489
,,,,,,,,,489
,,,,,,,,,489
,,,,,,,,,489
,,,,,,,,,489
,,,,,,,,,489
,,,,,,,,,489
,,,,,,,,,489
,,,,,,,,,489
,,,,,,,,,489
,,,,,,,,,489
,,,,,,,,,489
,,,,,,,,,489
,,,,,,,,,489
,,,,,,,,,489
,,,,,,,,,489
,,,,,,,,,489
,,,,,,,,,489
,,,,,,,,,439
,,,,,,,,,88
,,,,,,,,,88
,,,,,,,,,88
,,,,,,,,,88
,,,,,,,,,88
,,,,,,,,,88
,,,,,,,,,88
,,,,,,,,,88
,,,,,,,,,88
,,,,,,,,,88
,,,,,,,,,88
,,,,,,,,,88
,,,,,,,,,88
,,,,,,,,,88
,,,,,,,,,88
,,,,,,,,,88
,,,,,,,,,88
,,,,,,,,,88
,,,,,,,,,88
,,,,,,,,,88
,,,,,,,,,88
,,,,,,,,,88
,,,,,,,,,88
,,,,,,,,,88
,,,,,,,,,88
,,,,,,,,,88
,,,,,,,,,88
,,,,,,,,,88
,,,,,,,,,88
,,,,,,,,,88
,,,,,,,,,88
,,,,,,,,,88
,,,,,,,,,88
,,,,,,,,,88
,,,,,,,,,88
,,,,,,,,,88
,,,,,,,,,88
,,,,,,,,,88
,,,,,,,,,88
,,,,,,,,,88
,,,,,,,,,88
,,,,,,,,,88
,,,,,,,,,88
,,,,,,,,,88
,,,,,,,,,88
,,,,,,,,,88
,,,,,,,,,88
,,,,,,,,,347
,,,,,,,,,347
,,,,,,,,,347
,,,,,,,,,347
,,,,,,,,,347
,,,,,,,,,347
,,,,,,,,,347
,,,,,,,,,347
,,,,,,,,,347
,,,,,,,,,347
,,,,,,,,,347
,,,,,,,,,347
,,,,,,,,,347
,,,,,,,,,347
,,,,,,,,,347
,,,,,,,,,347
,,,,,,,,,347
,,,,,,,,,347
,,,,,,,,,926
,,,,,,,,,926
,,,,,,,,,926
,,,,,,,,,926
,,,,,,,,,926
,,,,,,,,,926
,,,,,,,,,926
,,,,,,,,,926
,,,,,,,,,926
,,,,,,,,,926
,,,,,,,,,926
,,,,,,,,,926
,,,,,,,,,926
,,,,,,,,,926
,,,,,,,,,926
,,,,,,,,,926
,,,,,,,,,926
,,,,,,,,,926
,,,,,,,,,926
,,,,,,,,,926
,,,,,,,,,926
,,,,,,,,,926
,,,,,,,,,926
,,,,,,,,,926
,,,,,,,,,926
,,,,,,,,,926
,,,,,,,,,926
,,,,,,,,,926
,,,,,,,,,926
,,,,,,,,,926
,,,,,,,,,926
,,,,,,,,,936
,,,,,,,,,936
,,,,,,,,,936
,,,,,,,,,936
,,,,,,,,,936
,,,,,,,,,936
,,,,,,,,,936
,,,,,,,,,936
,,,,,,,,,936
,,,,,,,,,936
,,,,,,,,,936
,,,,,,,,,936
,,,,,,,,,936
,,,,,,,,,936
,,,,,,,,,936
,,,,,,,,,936
,,,,,,,,,936
,,,,,,,,,936
,,,,,,,,,936
,,,,,,,,,936
,,,,,,,,,936
,,,,,,,,,936
,,,,,,,,,936
,,,,,,,,,936
,,,,,,,,,936
,,,,,,,,,936
,,,,,,,,,936
,,,,,,,,,936
,,,,,,,,,936
,,,,,,,,,936
,,,,,,,,,936
,,,,,,,,,936
,,,,,,,,,936
,,,,,,,,,936
,,,,,,,,,936
,,,,,,,,,936
,,,,,,,,,936
,,,,,,,,,936
,,,,,,,,,936
,,,,,,,,,936
,,,,,,,,,936
,,,,,,,,,936
,,,,,,,,,936
,,,,,,,,,936
,,,,,,,,,936
,,,,,,,,,936
,,,,,,,,,936
,,,,,,,,,936
,,,,,,,,,936
,,,,,,,,,936
,,,,,,,,,936
,,,,,,,,,936
,,,,,,,,,936
,,,,,,,,,936
,,,,,,,,,936
,,,,,,,,,936
,,,,,,,,,936
,,,,,,,,,936
,,,,,,,,,936
,,,,,,,,,936
,,,,,,,,,936
,,,,,,,,,936
,,,,,,,,,936
,,,,,,,,,936
,,,,,,,,,936
,,,,,,,,,936
,,,,,,,,,936
,,,,,,,,,936
,,,,,,,,,936
,,,,,,,,,936
,,,,,,,,,936
,,,,,,,,,936
,,,,,,,,,936
,,,,,,,,,936
,,,,,,,,,936
,,,,,,,,,936
,,,,,,,,,936
,,,,,,,,,936
,,,,,,,,,936
,,,,,,,,,936
,,,,,,,,,936
,,,,,,,,,936
,,,,,,,,,936
,,,,,,,,,936
,,,,,,,,,936
,,,,,,,,,936
,,,,,,,,,936
,,,,,,,,,936
,,,,,,,,,936
,,,,,,,,,936
,,,,,,,,,936
,,,,,,,,,936
,,,,,,,,,936
,,,,,,,,,936
,,,,,,,,,936
,,,,,,,,,936
,,,,,,,,,370
,,,,,,,,,370
,,,,,,,,,370
,,,,,,,,,370
,,,,,,,,,370
,,,,,,,,,370
,,,,,,,,,370
,,,,,,,,,370
,,,,,,,,,370
,,,,,,,,,370
,,,,,,,,,370
,,,,,,,,,370
,,,,,,,,,370
,,,,,,,,,370
,,,,,,,,,370
,,,,,,,,,370
,,,,,,,,,370
,,,,,,,,,370
,,,,,,,,,370
,,,,,,,,,370
,,,,,,,,,370
,,,,,,,,,370
,,,,,,,,,370
,,,,,,,,,370
,,,,,,,,,370
,,,,,,,,,416
,,,,,,,,,416
,,,,,,,,,416
,,,,,,,,,416
,,,,,,,,,416
,,,,,,,,,416
,,,,,,,,,416
,,,,,,,,,416
,,,,,,,,,416
,,,,,,,,,416
,,,,,,,,,416
,,,,,,,,,416
,,,,,,,,,416
,,,,,,,,,416
,,,,,,,,,416
,,,,,,,,,416
,,,,,,,,,416
,,,,,,,,,416
,,,,,,,,,416
,,,,,,,,,416
,,,,,,,,,1337
,,,,,,,,,1337
,,,,,,,,,1337
,,,,,,,,,1337
,,,,,,,,,1337
,,,,,,,,,1337
,,,,,,,,,1337
,,,,,,,,,1337
,,,,,,,,,1337
,,,,,,,,,1337
,,,,,,,,,1337
,,,,,,,,,1337
,,,,,,,,,1337
,,,,,,,,,1337
,,,,,,,,,1337
,,,,,,,,,1337
,,,,,,,,,1337
,,,,,,,,,1337
,,,,,,,,,1337
,,,,,,,,,1337
,,,,,,,,,1337
,,,,,,,,,1337
,,,,,,,,,1337
,,,,,,,,,1337
,,,,,,,,,1337
,,,,,,,,,1337
,,,,,,,,,1337
,,,,,,,,,1337
,,,,,,,,,1337
,,,,,,,,,1337
,,,,,,,,,1337
,,,,,,,,,1337
,,,,,,,,,1337
,,,,,,,,,1337
,,,,,,,,,1337
,,,,,,,,,1337
,,,,,,,,,1337
,,,,,,,,,1337
,,,,,,,,,1337
,,,,,,,,,1337
,,,,,,,,,1337
,,,,,,,,,1337
,,,,,,,,,1337
,,,,,,,,,1337
,,,,,,,,,1337
,,,,,,,,,1337
,,,,,,,,,1337
,,,,,,,,,1337
,,,,,,,,,1337
,,,,,,,,,1337
,,,,,,,,,1337
,,,,,,,,,1337
,,,,,,,,,1337
,,,,,,,,,815
,,,,,,,,,815
,,,,,,,,,815
,,,,,,,,,815
,,,,,,,,,815
,,,,,,,,,815
,,,,,,,,,815
,,,,,,,,,815
,,,,,,,,,815
,,,,,,,,,815
,,,,,,,,,815
,,,,,,,,,815
,,,,,,,,,815
,,,,,,,,,815
,,,,,,,,,815
,,,,,,,,,815
,,,,,,,,,815
,,,,,,,,,815
,,,,,,,,,815
,,,,,,,,,815
,,,,,,,,,815
,,,,,,,,,815
,,,,,,,,,815
,,,,,,,,,815
,,,,,,,,,815
,,,,,,,,,815
,,,,,,,,,815
,,,,,,,,,815
,,,,,,,,,815
,,,,,,,,,815
,,,,,,,,,815
,,,,,,,,,815
,,,,,,,,,815
,,,,,,,,,815
,,,,,,,,,815
,,,,,,,,,815
,,,,,,,,,815
,,,,,,,,,815
,,,,,,,,,815
,,,,,,,,,815
,,,,,,,,,815
,,,,,,,,,815
,,,,,,,,,815
,,,,,,,,,815
,,,,,,,,,815
,,,,,,,,,815
,,,,,,,,,815
,,,,,,,,,815
,,,,,,,,,815
,,,,,,,,,815
,,,,,,,,,815
,,,,,,,,,815
,,,,,,,,,815
,,,,,,,,,815
,,,,,,,,,815
,,,,,,,,,815
,,,,,,,,,815
,,,,,,,,,815
,,,,,,,,,815
,,,,,,,,,815
,,,,,,,,,815
,,,,,,,,,815
,,,,,,,,,815
,,,,,,,,,815
,,,,,,,,,815
,,,,,,,,,815
,,,,,,,,,815
,,,,,,,,,815
,,,,,,,,,815
,,,,,,,,,815
,,,,,,,,,815
,,,,,,,,,815
,,,,,,,,,815
,,,,,,,,,815
,,,,,,,,,815
,,,,,,,,,815
,,,,,,,,,815
,,,,,,,,,815
,,,,,,,,,815
,,,,,,,,,815
,,,,,,,,,815
,,,,,,,,,815
,,,,,,,,,815
,,,,,,,,,815
,,,,,,,,,815
,,,,,,,,,815
,,,,,,,,,815
,,,,,,,,,815
,,,,,,,,,1085
,,,,,,,,,1085
,,,,,,,,,1085
,,,,,,,,,1085
,,,,,,,,,1085
,,,,,,,,,1085
,,,,,,,,,1085
,,,,,,,,,1085
,,,,,,,,,1085
,,,,,,,,,1085
,,,,,,,,,1085
,,,,,,,,,1085
,,,,,,,,,1085
,,,,,,,,,1085
,,,,,,,,,1085
,,,,,,,,,1085
,,,,,,,,,1085
,,,,,,,,,1085
,,,,,,,,,1085
,,,,,,,,,1085
,,,,,,,,,1085
,,,,,,,,,1085
,,,,,,,,,1085
,,,,,,,,,1085
,,,,,,,,,1085
,,,,,,,,,1085
,,,,,,,,,397
,,,,,,,,,397
,,,,,,,,,397
,,,,,,,,,397
,,,,,,,,,397
,,,,,,,,,397
,,,,,,,,,397
,,,,,,,,,397
,,,,,,,,,397
,,,,,,,,,397
,,,,,,,,,397
,,,,,,,,,397
,,,,,,,,,397
,,,,,,,,,397
,,,,,,,,,397
,,,,,,,,,397
,,,,,,,,,397
,,,,,,,,,397
,,,,,,,,,397
,,,,,,,,,397
,,,,,,,,,397
,,,,,,,,,397
,,,,,,,,,397
,,,,,,,,,397
,,,,,,,,,397
,,,,,,,,,397
,,,,,,,,,382
,,,,,,,,,382
,,,,,,,,,382
,,,,,,,,,382
,,,,,,,,,382
,,,,,,,,,382
,,,,,,,,,382
,,,,,,,,,382
,,,,,,,,,382
,,,,,,,,,382
,,,,,,,,,382
,,,,,,,,,382
,,,,,,,,,382
,,,,,,,,,382
,,,,,,,,,382
,,,,,,,,,382
,,,,,,,,,382
,,,,,,,,,382
,,,,,,,,,382
,,,,,,,,,382
,,,,,,,,,382
,,,,,,,,,382
,,,,,,,,,382
,,,,,,,,,382
,,,,,,,,,382
,,,,,,,,,382
,,,,,,,,,382
,,,,,,,,,382
,,,,,,,,,382
,,,,,,,,,382
,,,,,,,,,382
,,,,,,,,,382
,,,,,,,,,382
,,,,,,,,,382
,,,,,,,,,382
,,,,,,,,,382
,,,,,,,,,382
,,,,,,,,,382
,,,,,,,,,382
,,,,,,,,,382
,,,,,,,,,382
,,,,,,,,,382
,,,,,,,,,382
,,,,,,,,,382
,,,,,,,,,382
,,,,,,,,,382
,,,,,,,,,382
,,,,,,,,,382
,,,,,,,,,382
,,,,,,,,,382
,,,,,,,,,382
,,,,,,,,,382
,,,,,,,,,382
,,,,,,,,,382
,,,,,,,,,861
,,,,,,,,,861
,,,,,,,,,861
,,,,,,,,,861
,,,,,,,,,861
,,,,,,,,,861
,,,,,,,,,861
,,,,,,,,,861
,,,,,,,,,861
,,,,,,,,,861
,,,,,,,,,861
,,,,,,,,,861
,,,,,,,,,861
,,,,,,,,,861
,,,,,,,,,861
,,,,,,,,,861
,,,,,,,,,861
,,,,,,,,,861
,,,,,,,,,861
,,,,,,,,,861
,,,,,,,,,861
,,,,,,,,,861
,,,,,,,,,861
,,,,,,,,,861
,,,,,,,,,861
,,,,,,,,,335
,,,,,,,,,335
,,,,,,,,,335
,,,,,,,,,335
,,,,,,,,,335
,,,,,,,,,335
,,,,,,,,,335
,,,,,,,,,335
,,,,,,,,,335
,,,,,,,,,335
,,,,,,,,,335
,,,,,,,,,335
,,,,,,,,,335
,,,,,,,,,335
,,,,,,,,,335
,,,,,,,,,335
,,,,,,,,,335
,,,,,,,,,335
,,,,,,,,,894
,,,,,,,,,894
,,,,,,,,,894
,,,,,,,,,894
,,,,,,,,,894
,,,,,,,,,894
,,,,,,,,,894
,,,,,,,,,894
,,,,,,,,,894
,,,,,,,,,894
,,,,,,,,,894
,,,,,,,,,274
,,,,,,,,,274
,,,,,,,,,274
,,,,,,,,,274
,,,,,,,,,274
,,,,,,,,,274
,,,,,,,,,274
,,,,,,,,,274
,,,,,,,,,274
,,,,,,,,,274
,,,,,,,,,274
,,,,,,,,,274
,,,,,,,,,274
,,,,,,,,,274
,,,,,,,,,274
,,,,,,,,,145
,,,,,,,,,145
,,,,,,,,,145
,,,,,,,,,145
,,,,,,,,,145
,,,,,,,,,145
,,,,,,,,,145
,,,,,,,,,145
,,,,,,,,,145
,,,,,,,,,145
,,,,,,,,,145
,,,,,,,,,145
,,,,,,,,,145
,,,,,,,,,145
,,,,,,,,,145
,,,,,,,,,145
,,,,,,,,,145
,,,,,,,,,145
,,,,,,,,,145
,,,,,,,,,145
,,,,,,,,,145
,,,,,,,,,145
,,,,,,,,,145
,,,,,,,,,145
,,,,,,,,,145
,,,,,,,,,145
,,,,,,,,,145
,,,,,,,,,145
,,,,,,,,,145
,,,,,,,,,145
,,,,,,,,,145
,,,,,,,,,145
,,,,,,,,,145
,,,,,,,,,145
,,,,,,,,,145
,,,,,,,,,145
,,,,,,,,,145
,,,,,,,,,145
,,,,,,,,,145
,,,,,,,,,145
,,,,,,,,,145
,,,,,,,,,145
,,,,,,,,,145
,,,,,,,,,145
,,,,,,,,,145
,,,,,,,,,145
,,,,,,,,,145
,,,,,,,,,145
,,,,,,,,,145
,,,,,,,,,145
,,,,,,,,,145
,,,,,,,,,145
,,,,,,,,,145
,,,,,,,,,289
,,,,,,,,,289
,,,,,,,,,289
,,,,,,,,,289
,,,,,,,,,289
,,,,,,,,,289
,,,,,,,,,289
,,,,,,,,,289
,,,,,,,,,289
,,,,,,,,,289
,,,,,,,,,289
,,,,,,,,,289
,,,,,,,,,289
,,,,,,,,,289
,,,,,,,,,289
,,,,,,,,,289
,,,,,,,,,289
,,,,,,,,,289
,,,,,,,,,289
,,,,,,,,,646
,,,,,,,,,646
,,,,,,,,,646
,,,,,,,,,646
,,,,,,,,,646
,,,,,,,,,646
,,,,,,,,,646
,,,,,,,,,646
,,,,,,,,,646
,,,,,,,,,646
,,,,,,,,,646
,,,,,,,,,646
,,,,,,,,,646
,,,,,,,,,646
,,,,,,,,,646
,,,,,,,,,646
,,,,,,,,,646
,,,,,,,,,646
,,,,,,,,,646
,,,,,,,,,646
,,,,,,,,,646
,,,,,,,,,646
,,,,,,,,,646
,,,,,,,,,646
,,,,,,,,,646
,,,,,,,,,646
,,,,,,,,,646
,,,,,,,,,646
,,,,,,,,,646
,,,,,,,,,646
,,,,,,,,,646
,,,,,,,,,723
,,,,,,,,,723
,,,,,,,,,723
,,,,,,,,,723
,,,,,,,,,723
,,,,,,,,,723
,,,,,,,,,723
,,,,,,,,,723
,,,,,,,,,723
,,,,,,,,,723
,,,,,,,,,723
,,,,,,,,,723
,,,,,,,,,723
,,,,,,,,,723
,,,,,,,,,723
,,,,,,,,,723
,,,,,,,,,723
,,,,,,,,,723
,,,,,,,,,723
,,,,,,,,,723
,,,,,,,,,723
,,,,,,,,,723
,,,,,,,,,723
,,,,,,,,,723
,,,,,,,,,723
,,,,,,,,,723
,,,,,,,,,723
,,,,,,,,,723
,,,,,,,,,723
,,,,,,,,,723
,,,,,,,,,723
,,,,,,,,,723
,,,,,,,,,723
,,,,,,,,,723
,,,,,,,,,723
,,,,,,,,,723
,,,,,,,,,723
,,,,,,,,,723
,,,,,,,,,723
,,,,,,,,,723
,,,,,,,,,723
,,,,,,,,,723
,,,,,,,,,1610
